"Company Name","Website","Location","Seed Funding","Current Verified Funding","Funding Status","Verified CEO / Founder","Company Email","CEO Email","DNS MX Status","Target Profile 1 Verdict","Match %","Exact Reason"
"Traction","https://www.tractionag.com","United States","$3,440,421","$3,440,421","VERIFIED","Ian Harley (CEO & Co-Founder)","info@tractionag.com","NOT_PUBLICLY_DISCLOSED","Active (aspmx.l.google.com)","Qualified","85%","All mandatory criteria verified with supporting evidence."
"Airstack","https://airstack.xyz","United States","$4,000,000","$21,300,000 USD","CONFLICT","Jason Goldberg (CEO & Founder)","info@airstack.xyz","NOT_PUBLICLY_DISCLOSED","Active (aspmx.l.google.com)","Rejected","67%","Funding $21,300,000 USD exceeds configured maximum $10,000,000 USD"
"CoreWeave","https://www.coreweave.com","United States","$1,100,000,000","$1,100,000,000","VERIFIED","Michael Intrator (CEO & Co-Founder)","support@coreweave.com","NOT_PUBLICLY_DISCLOSED","Active (mxa-0072dd01.gslb.pphosted.com)","Rejected","52%","Funding $1,100,000,000 USD exceeds configured maximum $10,000,000 USD; Does not match targeted industries: SaaS, Software"
"Blaize","https://www.blaize.com","United States","$106,000,000","$106,000,000","VERIFIED","Dinakar Munagala (CEO & Co-Founder)","info@blaize.com","NOT_PUBLICLY_DISCLOSED","Active (mxa-0063e101.gslb.pphosted.com)","Rejected","67%","Funding $106,000,000 USD exceeds configured maximum $10,000,000 USD"
"Hexigone Inhibitors","https://www.hexigone.com/","United Kingdom","$1,003,431","$1,003,431","VERIFIED","Dr. Patrick Dodds (CEO & Founder)","info@hexigone.com","NOT_PUBLICLY_DISCLOSED","Active (hexigone-com.mail.protection.outlook.com)","Rejected","70%","Does not match targeted industries: SaaS, Software"
"Renda","https://renda.co","Nigeria","$1,300,000","$1,300,000","VERIFIED","Ope Onaboye (CEO & Co-Founder)","hello@renda.co","NOT_PUBLICLY_DISCLOSED","Active (aspmx.l.google.com)","Rejected","70%","Does not match targeted industries: SaaS, Software"
"Bleach Cyber","https://bleachcyber.com","United States","$2,000,000","$2,000,000","VERIFIED","Craig Goodwin (CEO & Co-Founder)","info@bleachcyber.com","NOT_PUBLICLY_DISCLOSED","INACTIVE_NO_MX","Rejected","59%","Does not match targeted industries: SaaS, Software; Domain publishes no active DNS MX mail server records"
"Credtent","https://credtent.org","United States","$60,000","$60,000","VERIFIED","Lori Baker (CEO & Founder)","contact@credtent.org","NOT_PUBLICLY_DISCLOSED","Active (aspmx.l.google.com)","Rejected","67%","Funding $60,000 USD is below configured minimum $100,000 USD"
"Peregrine Technologies","https://peregrine.io","United States","$30,000,000","$30,000,000","VERIFIED","Nick Farhi (CEO & Founder)","info@peregrine.io","NOT_PUBLICLY_DISCLOSED","Active (peregrine-io.mail.protection.outlook.com)","Rejected","52%","Funding $30,000,000 USD exceeds configured maximum $10,000,000 USD; Does not match targeted industries: SaaS, Software"
"Klineo","https://www.klineo.fr","France","$2,142,899","$2,142,899","VERIFIED","Arnaud de La Tour (CEO & Co-Founder)","info@klineo.fr","NOT_PUBLICLY_DISCLOSED","Active (aspmx.l.google.com)","Rejected","70%","Does not match targeted industries: SaaS, Software"