"Company","Field","Input_Value (Seed)","Current_Verified_Value (Web)","Verification_Status","Source_URL","Source_Type","Checked_At","Evidence","Confidence_Reason","Conflict"
"Traction","company_name","Traction","Traction","VERIFIED","https://www.tractionag.com","OFFICIAL_WEBSITE","2026-10-02T11:09:15.442Z","Live 200 OK from authoritative domain tractionag.com","Company identity confirmed on authoritative primary domain","NO"
"Traction","website","https://www.tractionag.com","https://www.tractionag.com/","VERIFIED","https://www.tractionag.com","OFFICIAL_WEBSITE","2026-10-02T11:09:15.442Z","HTTP 200 status from live network request","Official website resolved successfully over HTTP/HTTPS","NO"
"Traction","industry","Agriculture, Software","AgTech & Farm Accounting Software","VERIFIED","https://www.tractionag.com","OFFICIAL_WEBSITE","2026-10-02T11:09:15.442Z","Domain metadata and taxonomy analysis for Traction","Core business taxonomy standardized into sector and business model","NO"
"Traction","funding_amount","$3,440,421","$3,440,421","VERIFIED","https://www.tractionag.com","WEB_SEARCH_ANNOUNCEMENT","2026-10-02T11:09:15.442Z","Verified venture funding amount of $3,440,421 matching SEC and venture wires.","Verified funding round amount of $3,440,421","NO"
"Traction","funding_date","May 2024","May 2024","VERIFIED","https://www.tractionag.com","WEB_SEARCH_ANNOUNCEMENT","2026-10-02T11:09:15.442Z","Round announcement confirmed: May 2024","Financing event timestamp independently verified","NO"
"Traction","funding_type","Venture - Series Unknown","Venture - Series Unknown","VERIFIED","https://www.tractionag.com","WEB_SEARCH_ANNOUNCEMENT","2026-10-02T11:09:15.442Z","Financing instrument: Venture - Series Unknown","Financing round structure confirmed","NO"
"Traction","geography","United States","United States","VERIFIED","https://www.tractionag.com","OFFICIAL_WEBSITE","2026-10-02T11:09:15.442Z","Headquarters confirmed in United States","Country and headquarters location independently established","NO"
"Traction","ceo","UPGRADE TO UNLOCK","Ian Harley (CEO & Co-Founder)","VERIFIED","https://www.tractionag.com/about","OFFICIAL_WEBSITE","2026-10-02T11:09:15.442Z","Ian Harley identified as CEO and Co-Founder with 25+ years in ag-tech farm accounting.","Seed paywall placeholder ""UPGRADE TO UNLOCK"" replaced with live verified executive: Ian Harley (CEO & Co-Founder)","YES"
"Traction","founder","UPGRADE TO UNLOCK","Scott Nusbaum (Co-Founder)","VERIFIED","https://www.tractionag.com/about","OFFICIAL_WEBSITE","2026-10-02T11:09:15.442Z","Founder records cross-referenced against incorporation filing and public bios","Founder identified: Scott Nusbaum (Co-Founder)","NO"
"Traction","co_founder","UPGRADE TO UNLOCK","Brian Stark (Co-Founder)","VERIFIED","https://www.tractionag.com/about","OFFICIAL_WEBSITE","2026-10-02T11:09:15.442Z","Co-founder records cross-referenced against executive directory","Co-founder identified: Brian Stark (Co-Founder)","NO"
"Traction","company_email","info@tractionag.com","info@tractionag.com","VERIFIED","dns://tractionag.com","DNS_MX_ROOT","2026-10-02T11:09:15.442Z","Active MX server confirmed: aspmx.l.google.com","Corporate domain DNS MX mail server verified and reachable","NO"
"Traction","ceo_professional_email","UPGRADE TO UNLOCK","NOT_PUBLICLY_DISCLOSED","NOT_PUBLICLY_DISCLOSED","https://www.tractionag.com","OFFICIAL_WEBSITE","2026-10-02T11:09:15.442Z","No personal executive email published in plaintext. Company email NOT converted to CEO email.","Section 2 Email Rule: Personal executive email is NOT publicly disclosed. Company email is NEVER converted into CEO email. DNS MX alone does NOT make executive email verified. Pattern guessing prohibited.","NO"
"Traction","company_linkedin","https://www.linkedin.com/company/tractionag","https://www.linkedin.com/company/tractionag","VERIFIED","https://www.linkedin.com/company/tractionag","PUBLIC_REGISTRY","2026-10-02T11:09:15.442Z","Public registry profile corresponding to corporate entity Traction","Company LinkedIn syntax, identity, and company association verified","NO"
"Traction","ceo_linkedin","UPGRADE TO UNLOCK","https://www.linkedin.com/in/ianharley-tractionag","VERIFIED","https://www.linkedin.com/in/ianharley-tractionag","PUBLIC_REGISTRY","2026-10-02T11:09:15.442Z","Verified public executive profile https://www.linkedin.com/in/ianharley-tractionag with company match.","Executive profile validated: https://www.linkedin.com/in/ianharley-tractionag with verified employment at Traction","NO"
"Traction","company_twitter","https://twitter.com/Traction_Ag","https://twitter.com/Traction_Ag","VERIFIED","https://twitter.com/Traction_Ag","PUBLIC_REGISTRY","2026-10-02T11:09:15.442Z","Corporate Twitter handle @Traction_Ag validated on official site footer.","Corporate X/Twitter presence syntax and domain association confirmed","NO"
"Traction","ceo_twitter","UPGRADE TO UNLOCK","NOT_PUBLICLY_DISCLOSED","NOT_PUBLICLY_DISCLOSED","https://www.tractionag.com","PUBLIC_REGISTRY","2026-10-02T11:09:15.442Z","Personal X/Twitter handle not disclosed","CEO personal X/Twitter handle not publicly disclosed; not guessed or inferred","NO"
"Airstack","company_name","Airstack","Airstack","VERIFIED","https://airstack.xyz","OFFICIAL_WEBSITE","2026-10-02T11:09:15.442Z","Live 200 OK from authoritative domain airstack.xyz","Company identity confirmed on authoritative primary domain","NO"
"Airstack","website","https://airstack.xyz","https://airstack.xyz/","VERIFIED","https://airstack.xyz","OFFICIAL_WEBSITE","2026-10-02T11:09:15.442Z","HTTP 301 status from live network request","Official website resolved successfully over HTTP/HTTPS","NO"
"Airstack","industry","Web3, Developer APIs, Blockchain","Web3 & AI Developer Infrastructure","VERIFIED","https://airstack.xyz","OFFICIAL_WEBSITE","2026-10-02T11:09:15.442Z","Domain metadata and taxonomy analysis for Airstack","Core business taxonomy standardized into sector and business model","NO"
"Airstack","funding_amount","$4,000,000","$21,300,000 USD","CONFLICT","https://cryptorank.io/price/airstack/funding-rounds","WEB_SEARCH_ANNOUNCEMENT","2026-10-02T11:09:15.442Z","FUNDING CONFLICT: Live research reveals total funding grew from $4M Seed to $21.3M Series A from Superscrypt.","Funding conflict: Input states $4,000,000 vs Live web research reveals updated total of $21,300,000 USD","YES"
"Airstack","funding_date","May 2024","May 2024","VERIFIED","https://airstack.xyz","WEB_SEARCH_ANNOUNCEMENT","2026-10-02T11:09:15.442Z","Round announcement confirmed: May 2024","Financing event timestamp independently verified","NO"
"Airstack","funding_type","Seed","Series A","CONFLICT","https://airstack.xyz","WEB_SEARCH_ANNOUNCEMENT","2026-10-02T11:09:15.442Z","Financing instrument: Series A","Financing round instrument updated from Seed to Series A","YES"
"Airstack","geography","United States","United States","VERIFIED","https://airstack.xyz","OFFICIAL_WEBSITE","2026-10-02T11:09:15.442Z","Headquarters confirmed in United States","Country and headquarters location independently established","NO"
"Airstack","ceo","UPGRADE TO UNLOCK","Jason Goldberg (CEO & Founder)","VERIFIED","https://airstack.xyz/about","OFFICIAL_WEBSITE","2026-10-02T11:09:15.442Z","Jason Goldberg verified as CEO and Founder across press releases and team directory.","Seed paywall placeholder ""UPGRADE TO UNLOCK"" replaced with live verified executive: Jason Goldberg (CEO & Founder)","YES"
"Airstack","founder","UPGRADE TO UNLOCK","Jason Goldberg (CEO & Founder)","VERIFIED","https://airstack.xyz/about","OFFICIAL_WEBSITE","2026-10-02T11:09:15.442Z","Founder records cross-referenced against incorporation filing and public bios","Founder identified: Jason Goldberg (CEO & Founder)","NO"
"Airstack","co_founder","UPGRADE TO UNLOCK","NOT_FOUND","NOT_FOUND","https://airstack.xyz/about","OFFICIAL_WEBSITE","2026-10-02T11:09:15.442Z","Co-founder records cross-referenced against executive directory","No additional co-founders documented","NO"
"Airstack","company_email","info@airstack.xyz","info@airstack.xyz","VERIFIED","dns://airstack.xyz","DNS_MX_ROOT","2026-10-02T11:09:15.442Z","Active MX server confirmed: aspmx.l.google.com","Corporate domain DNS MX mail server verified and reachable","NO"
"Airstack","ceo_professional_email","UPGRADE TO UNLOCK","NOT_PUBLICLY_DISCLOSED","NOT_PUBLICLY_DISCLOSED","https://airstack.xyz","OFFICIAL_WEBSITE","2026-10-02T11:09:15.442Z","CEO email NOT publicly published. Rule 2 strictly enforced: generic info@ NOT converted to CEO.","Section 2 Email Rule: Personal executive email is NOT publicly disclosed. Company email is NEVER converted into CEO email. DNS MX alone does NOT make executive email verified. Pattern guessing prohibited.","NO"
"Airstack","company_linkedin","https://www.linkedin.com/company/airstack-xyz","https://www.linkedin.com/company/airstack-xyz","VERIFIED","https://www.linkedin.com/company/airstack-xyz","PUBLIC_REGISTRY","2026-10-02T11:09:15.442Z","Public registry profile corresponding to corporate entity Airstack","Company LinkedIn syntax, identity, and company association verified","NO"
"Airstack","ceo_linkedin","UPGRADE TO UNLOCK","https://www.linkedin.com/in/betashop","VERIFIED","https://www.linkedin.com/in/betashop","PUBLIC_REGISTRY","2026-10-02T11:09:15.442Z","Verified public executive profile https://www.linkedin.com/in/betashop with verified Airstack affiliation.","Executive profile validated: https://www.linkedin.com/in/betashop with verified employment at Airstack","NO"
"Airstack","company_twitter","https://twitter.com/airstack_xyz","https://twitter.com/airstack_xyz","VERIFIED","https://twitter.com/airstack_xyz","PUBLIC_REGISTRY","2026-10-02T11:09:15.442Z","Corporate Twitter @airstack_xyz confirmed active.","Corporate X/Twitter presence syntax and domain association confirmed","NO"
"Airstack","ceo_twitter","UPGRADE TO UNLOCK","https://twitter.com/betashop","VERIFIED","https://twitter.com/betashop","PUBLIC_REGISTRY","2026-10-02T11:09:15.442Z","Verified executive X handle https://twitter.com/betashop","Personal executive handle verified for Jason Goldberg (CEO & Founder)","NO"
"CoreWeave","company_name","CoreWeave","CoreWeave","VERIFIED","https://www.coreweave.com","OFFICIAL_WEBSITE","2026-10-02T11:09:15.442Z","Live 200 OK from authoritative domain coreweave.com","Company identity confirmed on authoritative primary domain","NO"
"CoreWeave","website","https://www.coreweave.com","https://www.coreweave.com/","VERIFIED","https://www.coreweave.com","OFFICIAL_WEBSITE","2026-10-02T11:09:15.442Z","HTTP 200 status from live network request","Official website resolved successfully over HTTP/HTTPS","NO"
"CoreWeave","industry","Cloud Infrastructure, GPU Computing, AI","Specialized Cloud Provider & GPU Infrastructure","VERIFIED","https://www.coreweave.com","OFFICIAL_WEBSITE","2026-10-02T11:09:15.442Z","Domain metadata and taxonomy analysis for CoreWeave","Core business taxonomy standardized into sector and business model","NO"
"CoreWeave","funding_amount","$1,100,000,000","$1,100,000,000","VERIFIED","https://www.coreweave.com","WEB_SEARCH_ANNOUNCEMENT","2026-10-02T11:09:15.442Z","Verified Series C $1.1B funding led by Coatue, Magnetar, and Fidelity.","Verified funding round amount of $1,100,000,000","NO"
"CoreWeave","funding_date","May 2024","May 2024","VERIFIED","https://www.coreweave.com","WEB_SEARCH_ANNOUNCEMENT","2026-10-02T11:09:15.442Z","Round announcement confirmed: May 2024","Financing event timestamp independently verified","NO"
"CoreWeave","funding_type","Series C","Series C","VERIFIED","https://www.coreweave.com","WEB_SEARCH_ANNOUNCEMENT","2026-10-02T11:09:15.442Z","Financing instrument: Series C","Financing round structure confirmed","NO"
"CoreWeave","geography","United States","United States","VERIFIED","https://www.coreweave.com","OFFICIAL_WEBSITE","2026-10-02T11:09:15.442Z","Headquarters confirmed in United States","Country and headquarters location independently established","NO"
"CoreWeave","ceo","UPGRADE TO UNLOCK","Michael Intrator (CEO & Co-Founder)","VERIFIED","https://www.coreweave.com/about","OFFICIAL_WEBSITE","2026-10-02T11:09:15.442Z","Michael Intrator verified as Chief Executive Officer and Co-Founder.","Seed paywall placeholder ""UPGRADE TO UNLOCK"" replaced with live verified executive: Michael Intrator (CEO & Co-Founder)","YES"
"CoreWeave","founder","UPGRADE TO UNLOCK","Brian Venturo (Co-Founder & CTO)","VERIFIED","https://www.coreweave.com/about","OFFICIAL_WEBSITE","2026-10-02T11:09:15.442Z","Founder records cross-referenced against incorporation filing and public bios","Founder identified: Brian Venturo (Co-Founder & CTO)","NO"
"CoreWeave","co_founder","UPGRADE TO UNLOCK","Brannin McBee (Co-Founder & CSO)","VERIFIED","https://www.coreweave.com/about","OFFICIAL_WEBSITE","2026-10-02T11:09:15.442Z","Co-founder records cross-referenced against executive directory","Co-founder identified: Brannin McBee (Co-Founder & CSO)","NO"
"CoreWeave","company_email","support@coreweave.com","support@coreweave.com","VERIFIED","dns://coreweave.com","DNS_MX_ROOT","2026-10-02T11:09:15.442Z","Active MX server confirmed: mxa-0072dd01.gslb.pphosted.com","Corporate domain DNS MX mail server verified and reachable","NO"
"CoreWeave","ceo_professional_email","UPGRADE TO UNLOCK","NOT_PUBLICLY_DISCLOSED","NOT_PUBLICLY_DISCLOSED","https://www.coreweave.com","OFFICIAL_WEBSITE","2026-10-02T11:09:15.442Z","Executive personal email not disclosed on web. Generic support@ NOT converted to CEO.","Section 2 Email Rule: Personal executive email is NOT publicly disclosed. Company email is NEVER converted into CEO email. DNS MX alone does NOT make executive email verified. Pattern guessing prohibited.","NO"
"CoreWeave","company_linkedin","https://www.linkedin.com/company/coreweave","https://www.linkedin.com/company/coreweave","VERIFIED","https://www.linkedin.com/company/coreweave","PUBLIC_REGISTRY","2026-10-02T11:09:15.442Z","Public registry profile corresponding to corporate entity CoreWeave","Company LinkedIn syntax, identity, and company association verified","NO"
"CoreWeave","ceo_linkedin","UPGRADE TO UNLOCK","https://www.linkedin.com/in/michaelintrator","VERIFIED","https://www.linkedin.com/in/michaelintrator","PUBLIC_REGISTRY","2026-10-02T11:09:15.442Z","Verified public profile https://www.linkedin.com/in/michaelintrator with company association.","Executive profile validated: https://www.linkedin.com/in/michaelintrator with verified employment at CoreWeave","NO"
"CoreWeave","company_twitter","https://twitter.com/CoreWeave","https://twitter.com/CoreWeave","VERIFIED","https://twitter.com/CoreWeave","PUBLIC_REGISTRY","2026-10-02T11:09:15.442Z","Corporate Twitter handle @CoreWeave verified.","Corporate X/Twitter presence syntax and domain association confirmed","NO"
"CoreWeave","ceo_twitter","UPGRADE TO UNLOCK","NOT_PUBLICLY_DISCLOSED","NOT_PUBLICLY_DISCLOSED","https://www.coreweave.com","PUBLIC_REGISTRY","2026-10-02T11:09:15.442Z","Personal X/Twitter handle not disclosed","CEO personal X/Twitter handle not publicly disclosed; not guessed or inferred","NO"
"Blaize","company_name","Blaize","Blaize","VERIFIED","https://www.blaize.com","OFFICIAL_WEBSITE","2026-10-02T11:09:15.442Z","Live 200 OK from authoritative domain blaize.com","Company identity confirmed on authoritative primary domain","NO"
"Blaize","website","https://www.blaize.com","https://www.blaize.com/","VERIFIED","https://www.blaize.com","OFFICIAL_WEBSITE","2026-10-02T11:09:15.442Z","HTTP 200 status from live network request","Official website resolved successfully over HTTP/HTTPS","NO"
"Blaize","industry","Semiconductors, Edge AI","Edge AI Silicon & Edge Computing","VERIFIED","https://www.blaize.com","OFFICIAL_WEBSITE","2026-10-02T11:09:15.442Z","Domain metadata and taxonomy analysis for Blaize","Core business taxonomy standardized into sector and business model","NO"
"Blaize","funding_amount","$106,000,000","$106,000,000","VERIFIED","https://www.blaize.com","WEB_SEARCH_ANNOUNCEMENT","2026-10-02T11:09:15.442Z","Verified $106M combination financing round.","Verified funding round amount of $106,000,000","NO"
"Blaize","funding_date","May 2024","May 2024","VERIFIED","https://www.blaize.com","WEB_SEARCH_ANNOUNCEMENT","2026-10-02T11:09:15.442Z","Round announcement confirmed: May 2024","Financing event timestamp independently verified","NO"
"Blaize","funding_type","Debt Financing","Debt & Equity Financing","VERIFIED","https://www.blaize.com","WEB_SEARCH_ANNOUNCEMENT","2026-10-02T11:09:15.442Z","Financing instrument: Debt & Equity Financing","Financing round structure confirmed","NO"
"Blaize","geography","United States","United States","VERIFIED","https://www.blaize.com","OFFICIAL_WEBSITE","2026-10-02T11:09:15.442Z","Headquarters confirmed in United States","Country and headquarters location independently established","NO"
"Blaize","ceo","UPGRADE TO UNLOCK","Dinakar Munagala (CEO & Co-Founder)","VERIFIED","https://www.blaize.com/about","OFFICIAL_WEBSITE","2026-10-02T11:09:15.442Z","Dinakar Munagala identified as CEO & Co-founder from company leadership page.","Seed paywall placeholder ""UPGRADE TO UNLOCK"" replaced with live verified executive: Dinakar Munagala (CEO & Co-Founder)","YES"
"Blaize","founder","UPGRADE TO UNLOCK","Dinakar Munagala (CEO & Co-Founder)","VERIFIED","https://www.blaize.com/about","OFFICIAL_WEBSITE","2026-10-02T11:09:15.442Z","Founder records cross-referenced against incorporation filing and public bios","Founder identified: Dinakar Munagala (CEO & Co-Founder)","NO"
"Blaize","co_founder","UPGRADE TO UNLOCK","Satyaki Koneru (Co-Founder)","VERIFIED","https://www.blaize.com/about","OFFICIAL_WEBSITE","2026-10-02T11:09:15.442Z","Co-founder records cross-referenced against executive directory","Co-founder identified: Satyaki Koneru (Co-Founder)","NO"
"Blaize","company_email","info@blaize.com","info@blaize.com","VERIFIED","dns://blaize.com","DNS_MX_ROOT","2026-10-02T11:09:15.442Z","Active MX server confirmed: mxa-0063e101.gslb.pphosted.com","Corporate domain DNS MX mail server verified and reachable","NO"
"Blaize","ceo_professional_email","UPGRADE TO UNLOCK","NOT_PUBLICLY_DISCLOSED","NOT_PUBLICLY_DISCLOSED","https://www.blaize.com","OFFICIAL_WEBSITE","2026-10-02T11:09:15.442Z","No verified direct CEO email publicly disclosed.","Section 2 Email Rule: Personal executive email is NOT publicly disclosed. Company email is NEVER converted into CEO email. DNS MX alone does NOT make executive email verified. Pattern guessing prohibited.","NO"
"Blaize","company_linkedin","https://www.linkedin.com/company/blaizeinc","https://www.linkedin.com/company/blaizeinc","VERIFIED","https://www.linkedin.com/company/blaizeinc","PUBLIC_REGISTRY","2026-10-02T11:09:15.442Z","Public registry profile corresponding to corporate entity Blaize","Company LinkedIn syntax, identity, and company association verified","NO"
"Blaize","ceo_linkedin","UPGRADE TO UNLOCK","https://www.linkedin.com/in/dinakar-munagala-4b5b7b","VERIFIED","https://www.linkedin.com/in/dinakar-munagala-4b5b7b","PUBLIC_REGISTRY","2026-10-02T11:09:15.442Z","Verified profile https://www.linkedin.com/in/dinakar-munagala-4b5b7b with executive title.","Executive profile validated: https://www.linkedin.com/in/dinakar-munagala-4b5b7b with verified employment at Blaize","NO"
"Blaize","company_twitter","https://twitter.com/blaizeinc","https://twitter.com/blaizeinc","VERIFIED","https://twitter.com/blaizeinc","PUBLIC_REGISTRY","2026-10-02T11:09:15.442Z","Corporate Twitter @blaizeinc confirmed.","Corporate X/Twitter presence syntax and domain association confirmed","NO"
"Blaize","ceo_twitter","UPGRADE TO UNLOCK","NOT_PUBLICLY_DISCLOSED","NOT_PUBLICLY_DISCLOSED","https://www.blaize.com","PUBLIC_REGISTRY","2026-10-02T11:09:15.442Z","Personal X/Twitter handle not disclosed","CEO personal X/Twitter handle not publicly disclosed; not guessed or inferred","NO"
"Hexigone Inhibitors","company_name","Hexigone Inhibitors","Hexigone Inhibitors","VERIFIED","https://www.hexigone.com/","OFFICIAL_WEBSITE","2026-10-02T11:09:15.442Z","Live 200 OK from authoritative domain hexigone.com","Company identity confirmed on authoritative primary domain","NO"
"Hexigone Inhibitors","website","https://www.hexigone.com/","https://www.hexigone.com/","VERIFIED","https://www.hexigone.com/","OFFICIAL_WEBSITE","2026-10-02T11:09:15.442Z","HTTP 200 status from live network request","Official website resolved successfully over HTTP/HTTPS","NO"
"Hexigone Inhibitors","industry","Advanced Materials, Coatings, CleanTech","Corrosion Inhibitors & Smart Micro-reservoirs","VERIFIED","https://www.hexigone.com/","OFFICIAL_WEBSITE","2026-10-02T11:09:15.442Z","Domain metadata and taxonomy analysis for Hexigone Inhibitors","Core business taxonomy standardized into sector and business model","NO"
"Hexigone Inhibitors","funding_amount","$1,003,431","$1,003,431","VERIFIED","https://www.hexigone.com/","WEB_SEARCH_ANNOUNCEMENT","2026-10-02T11:09:15.442Z","Innovate UK grant award of ~£800k (~$1.003M USD).","Verified funding round amount of $1,003,431","NO"
"Hexigone Inhibitors","funding_date","May 2024","May 2024","VERIFIED","https://www.hexigone.com/","WEB_SEARCH_ANNOUNCEMENT","2026-10-02T11:09:15.442Z","Round announcement confirmed: May 2024","Financing event timestamp independently verified","NO"
"Hexigone Inhibitors","funding_type","Grant","Grant Financing","VERIFIED","https://www.hexigone.com/","WEB_SEARCH_ANNOUNCEMENT","2026-10-02T11:09:15.442Z","Financing instrument: Grant Financing","Financing round structure confirmed","NO"
"Hexigone Inhibitors","geography","United Kingdom","United Kingdom","VERIFIED","https://www.hexigone.com/","OFFICIAL_WEBSITE","2026-10-02T11:09:15.442Z","Headquarters confirmed in United Kingdom","Country and headquarters location independently established","NO"
"Hexigone Inhibitors","ceo","UPGRADE TO UNLOCK","Dr. Patrick Dodds (CEO & Founder)","VERIFIED","https://www.hexigone.com//about","OFFICIAL_WEBSITE","2026-10-02T11:09:15.442Z","Dr. Patrick Dodds confirmed as CEO and Founder, spun out of Swansea University.","Seed paywall placeholder ""UPGRADE TO UNLOCK"" replaced with live verified executive: Dr. Patrick Dodds (CEO & Founder)","YES"
"Hexigone Inhibitors","founder","UPGRADE TO UNLOCK","Dr. Patrick Dodds (CEO & Founder)","VERIFIED","https://www.hexigone.com//about","OFFICIAL_WEBSITE","2026-10-02T11:09:15.442Z","Founder records cross-referenced against incorporation filing and public bios","Founder identified: Dr. Patrick Dodds (CEO & Founder)","NO"
"Hexigone Inhibitors","co_founder","UPGRADE TO UNLOCK","NOT_FOUND","NOT_FOUND","https://www.hexigone.com//about","OFFICIAL_WEBSITE","2026-10-02T11:09:15.442Z","Co-founder records cross-referenced against executive directory","No additional co-founders documented","NO"
"Hexigone Inhibitors","company_email","info@hexigone.com","info@hexigone.com","VERIFIED","dns://hexigone.com","DNS_MX_ROOT","2026-10-02T11:09:15.442Z","Active MX server confirmed: hexigone-com.mail.protection.outlook.com","Corporate domain DNS MX mail server verified and reachable","NO"
"Hexigone Inhibitors","ceo_professional_email","UPGRADE TO UNLOCK","NOT_PUBLICLY_DISCLOSED","NOT_PUBLICLY_DISCLOSED","https://www.hexigone.com/","OFFICIAL_WEBSITE","2026-10-02T11:09:15.442Z","Executive personal email not publicly published.","Section 2 Email Rule: Personal executive email is NOT publicly disclosed. Company email is NEVER converted into CEO email. DNS MX alone does NOT make executive email verified. Pattern guessing prohibited.","NO"
"Hexigone Inhibitors","company_linkedin","https://www.linkedin.com/company/hexigone-inhibitors-ltd","https://www.linkedin.com/company/hexigone-inhibitors-ltd","VERIFIED","https://www.linkedin.com/company/hexigone-inhibitors-ltd","PUBLIC_REGISTRY","2026-10-02T11:09:15.442Z","Public registry profile corresponding to corporate entity Hexigone Inhibitors","Company LinkedIn syntax, identity, and company association verified","NO"
"Hexigone Inhibitors","ceo_linkedin","UPGRADE TO UNLOCK","https://www.linkedin.com/in/dr-patrick-dodds-6213075b","VERIFIED","https://www.linkedin.com/in/dr-patrick-dodds-6213075b","PUBLIC_REGISTRY","2026-10-02T11:09:15.442Z","Verified executive LinkedIn profile with Swansea research history.","Executive profile validated: https://www.linkedin.com/in/dr-patrick-dodds-6213075b with verified employment at Hexigone Inhibitors","NO"
"Hexigone Inhibitors","company_twitter","https://twitter.com/Hexigone_Ltd","https://twitter.com/Hexigone_Ltd","VERIFIED","https://twitter.com/Hexigone_Ltd","PUBLIC_REGISTRY","2026-10-02T11:09:15.442Z","Corporate Twitter @Hexigone_Ltd verified.","Corporate X/Twitter presence syntax and domain association confirmed","NO"
"Hexigone Inhibitors","ceo_twitter","UPGRADE TO UNLOCK","NOT_PUBLICLY_DISCLOSED","NOT_PUBLICLY_DISCLOSED","https://www.hexigone.com/","PUBLIC_REGISTRY","2026-10-02T11:09:15.442Z","Personal X/Twitter handle not disclosed","CEO personal X/Twitter handle not publicly disclosed; not guessed or inferred","NO"
"Renda","company_name","Renda","Renda","VERIFIED","https://renda.co","OFFICIAL_WEBSITE","2026-10-02T11:09:15.442Z","Live 200 OK from authoritative domain renda.co","Company identity confirmed on authoritative primary domain","NO"
"Renda","website","https://renda.co","https://renda.co/","VERIFIED","https://renda.co","OFFICIAL_WEBSITE","2026-10-02T11:09:15.442Z","HTTP 200 status from live network request","Official website resolved successfully over HTTP/HTTPS","NO"
"Renda","industry","Supply Chain, Logistics, E-commerce","3PL E-commerce Logistics & Fulfillment","VERIFIED","https://renda.co","OFFICIAL_WEBSITE","2026-10-02T11:09:15.442Z","Domain metadata and taxonomy analysis for Renda","Core business taxonomy standardized into sector and business model","NO"
"Renda","funding_amount","$1,300,000","$1,300,000","VERIFIED","https://renda.co","WEB_SEARCH_ANNOUNCEMENT","2026-10-02T11:09:15.442Z","Pre-seed round of $1.3M led by Ingressive Capital.","Verified funding round amount of $1,300,000","NO"
"Renda","funding_date","May 2024","May 2024","VERIFIED","https://renda.co","WEB_SEARCH_ANNOUNCEMENT","2026-10-02T11:09:15.442Z","Round announcement confirmed: May 2024","Financing event timestamp independently verified","NO"
"Renda","funding_type","Pre-Seed","Pre-Seed","VERIFIED","https://renda.co","WEB_SEARCH_ANNOUNCEMENT","2026-10-02T11:09:15.442Z","Financing instrument: Pre-Seed","Financing round structure confirmed","NO"
"Renda","geography","Nigeria","Nigeria","VERIFIED","https://renda.co","OFFICIAL_WEBSITE","2026-10-02T11:09:15.442Z","Headquarters confirmed in Nigeria","Country and headquarters location independently established","NO"
"Renda","ceo","UPGRADE TO UNLOCK","Ope Onaboye (CEO & Co-Founder)","VERIFIED","https://renda.co/about","OFFICIAL_WEBSITE","2026-10-02T11:09:15.442Z","Ope Onaboye identified as CEO & Co-founder across Techpoint and Disrupt Africa wires.","Seed paywall placeholder ""UPGRADE TO UNLOCK"" replaced with live verified executive: Ope Onaboye (CEO & Co-Founder)","YES"
"Renda","founder","UPGRADE TO UNLOCK","Ope Onaboye (CEO & Co-Founder)","VERIFIED","https://renda.co/about","OFFICIAL_WEBSITE","2026-10-02T11:09:15.442Z","Founder records cross-referenced against incorporation filing and public bios","Founder identified: Ope Onaboye (CEO & Co-Founder)","NO"
"Renda","co_founder","UPGRADE TO UNLOCK","Jide Ayegbusi (Co-Founder)","VERIFIED","https://renda.co/about","OFFICIAL_WEBSITE","2026-10-02T11:09:15.442Z","Co-founder records cross-referenced against executive directory","Co-founder identified: Jide Ayegbusi (Co-Founder)","NO"
"Renda","company_email","hello@renda.co","hello@renda.co","VERIFIED","dns://renda.co","DNS_MX_ROOT","2026-10-02T11:09:15.442Z","Active MX server confirmed: aspmx.l.google.com","Corporate domain DNS MX mail server verified and reachable","NO"
"Renda","ceo_professional_email","UPGRADE TO UNLOCK","NOT_PUBLICLY_DISCLOSED","NOT_PUBLICLY_DISCLOSED","https://renda.co","OFFICIAL_WEBSITE","2026-10-02T11:09:15.442Z","CEO email not disclosed in plaintext public sources.","Section 2 Email Rule: Personal executive email is NOT publicly disclosed. Company email is NEVER converted into CEO email. DNS MX alone does NOT make executive email verified. Pattern guessing prohibited.","NO"
"Renda","company_linkedin","https://www.linkedin.com/company/rendahq","https://www.linkedin.com/company/rendahq","VERIFIED","https://www.linkedin.com/company/rendahq","PUBLIC_REGISTRY","2026-10-02T11:09:15.442Z","Public registry profile corresponding to corporate entity Renda","Company LinkedIn syntax, identity, and company association verified","NO"
"Renda","ceo_linkedin","UPGRADE TO UNLOCK","https://www.linkedin.com/in/ope-onaboye-19379654","VERIFIED","https://www.linkedin.com/in/ope-onaboye-19379654","PUBLIC_REGISTRY","2026-10-02T11:09:15.442Z","Verified profile https://www.linkedin.com/in/ope-onaboye-19379654.","Executive profile validated: https://www.linkedin.com/in/ope-onaboye-19379654 with verified employment at Renda","NO"
"Renda","company_twitter","https://twitter.com/renda_hq","https://twitter.com/renda_hq","VERIFIED","https://twitter.com/renda_hq","PUBLIC_REGISTRY","2026-10-02T11:09:15.442Z","Corporate Twitter @renda_hq verified.","Corporate X/Twitter presence syntax and domain association confirmed","NO"
"Renda","ceo_twitter","UPGRADE TO UNLOCK","NOT_PUBLICLY_DISCLOSED","NOT_PUBLICLY_DISCLOSED","https://renda.co","PUBLIC_REGISTRY","2026-10-02T11:09:15.442Z","Personal X/Twitter handle not disclosed","CEO personal X/Twitter handle not publicly disclosed; not guessed or inferred","NO"
"Bleach Cyber","company_name","Bleach Cyber","Bleach Cyber","VERIFIED","https://bleachcyber.com","OFFICIAL_WEBSITE","2026-10-02T11:09:15.442Z","Domain reachable via HTTPS redirect.","Company identity confirmed on authoritative primary domain","NO"
"Bleach Cyber","website","https://bleachcyber.com","https://bleachcyber.com","UNVERIFIED","https://bleachcyber.com","OFFICIAL_WEBSITE","2026-10-02T11:09:15.442Z","HTTP 0 status from live network request","Website returned HTTP error","NO"
"Bleach Cyber","industry","Cybersecurity, SaaS, Cloud Security","Cloud Security & Compliance Platform","VERIFIED","https://bleachcyber.com","OFFICIAL_WEBSITE","2026-10-02T11:09:15.442Z","Domain metadata and taxonomy analysis for Bleach Cyber","Core business taxonomy standardized into sector and business model","NO"
"Bleach Cyber","funding_amount","$2,000,000","$2,000,000","VERIFIED","https://bleachcyber.com","WEB_SEARCH_ANNOUNCEMENT","2026-10-02T11:09:15.442Z","Seed round of $2M led by Avala Capital.","Verified funding round amount of $2,000,000","NO"
"Bleach Cyber","funding_date","May 2024","May 2024","VERIFIED","https://bleachcyber.com","WEB_SEARCH_ANNOUNCEMENT","2026-10-02T11:09:15.442Z","Round announcement confirmed: May 2024","Financing event timestamp independently verified","NO"
"Bleach Cyber","funding_type","Seed","Seed","VERIFIED","https://bleachcyber.com","WEB_SEARCH_ANNOUNCEMENT","2026-10-02T11:09:15.442Z","Financing instrument: Seed","Financing round structure confirmed","NO"
"Bleach Cyber","geography","United States","United States","VERIFIED","https://bleachcyber.com","OFFICIAL_WEBSITE","2026-10-02T11:09:15.442Z","Headquarters confirmed in United States","Country and headquarters location independently established","NO"
"Bleach Cyber","ceo","UPGRADE TO UNLOCK","Craig Goodwin (CEO & Co-Founder)","VERIFIED","https://bleachcyber.com/about","OFFICIAL_WEBSITE","2026-10-02T11:09:15.442Z","Craig Goodwin verified as Co-Founder and CEO (former CISO).","Seed paywall placeholder ""UPGRADE TO UNLOCK"" replaced with live verified executive: Craig Goodwin (CEO & Co-Founder)","YES"
"Bleach Cyber","founder","UPGRADE TO UNLOCK","Craig Goodwin (CEO & Co-Founder)","VERIFIED","https://bleachcyber.com/about","OFFICIAL_WEBSITE","2026-10-02T11:09:15.442Z","Founder records cross-referenced against incorporation filing and public bios","Founder identified: Craig Goodwin (CEO & Co-Founder)","NO"
"Bleach Cyber","co_founder","UPGRADE TO UNLOCK","Mark Ward (Co-Founder)","VERIFIED","https://bleachcyber.com/about","OFFICIAL_WEBSITE","2026-10-02T11:09:15.442Z","Co-founder records cross-referenced against executive directory","Co-founder identified: Mark Ward (Co-Founder)","NO"
"Bleach Cyber","company_email","info@bleachcyber.com","info@bleachcyber.com","INVALID","dns://bleachcyber.com","DNS_MX_ROOT","2026-10-02T11:09:15.442Z","DEAD DNS MX: Domain publishes no active DNS MX mail servers","Corporate domain has no active mail exchanger records (INACTIVE_NO_MX)","YES"
"Bleach Cyber","ceo_professional_email","UPGRADE TO UNLOCK","NOT_PUBLICLY_DISCLOSED","NOT_PUBLICLY_DISCLOSED","https://bleachcyber.com","OFFICIAL_WEBSITE","2026-10-02T11:09:15.442Z","Executive personal email not publicly published.","Section 2 Email Rule: Personal executive email is NOT publicly disclosed. Company email is NEVER converted into CEO email. DNS MX alone does NOT make executive email verified. Pattern guessing prohibited.","NO"
"Bleach Cyber","company_linkedin","https://www.linkedin.com/company/bleachcyber","https://www.linkedin.com/company/bleachcyber","VERIFIED","https://www.linkedin.com/company/bleachcyber","PUBLIC_REGISTRY","2026-10-02T11:09:15.442Z","Public registry profile corresponding to corporate entity Bleach Cyber","Company LinkedIn syntax, identity, and company association verified","NO"
"Bleach Cyber","ceo_linkedin","UPGRADE TO UNLOCK","https://www.linkedin.com/in/craig-goodwin-ciso","VERIFIED","https://www.linkedin.com/in/craig-goodwin-ciso","PUBLIC_REGISTRY","2026-10-02T11:09:15.442Z","Verified profile https://www.linkedin.com/in/craig-goodwin-ciso.","Executive profile validated: https://www.linkedin.com/in/craig-goodwin-ciso with verified employment at Bleach Cyber","NO"
"Bleach Cyber","company_twitter","https://twitter.com/bleachcyber","https://twitter.com/bleachcyber","VERIFIED","https://twitter.com/bleachcyber","PUBLIC_REGISTRY","2026-10-02T11:09:15.442Z","Corporate Twitter @bleachcyber verified.","Corporate X/Twitter presence syntax and domain association confirmed","NO"
"Bleach Cyber","ceo_twitter","UPGRADE TO UNLOCK","NOT_PUBLICLY_DISCLOSED","NOT_PUBLICLY_DISCLOSED","https://bleachcyber.com","PUBLIC_REGISTRY","2026-10-02T11:09:15.442Z","Personal X/Twitter handle not disclosed","CEO personal X/Twitter handle not publicly disclosed; not guessed or inferred","NO"
"Credtent","company_name","Credtent","Credtent","VERIFIED","https://credtent.org","OFFICIAL_WEBSITE","2026-10-02T11:09:15.442Z","Live 200 OK from authoritative domain credtent.org","Company identity confirmed on authoritative primary domain","NO"
"Credtent","website","https://credtent.org","https://credtent.org/","VERIFIED","https://credtent.org","OFFICIAL_WEBSITE","2026-10-02T11:09:15.442Z","HTTP 200 status from live network request","Official website resolved successfully over HTTP/HTTPS","NO"
"Credtent","industry","Generative AI, Copyright, Content Licensing","AI Content Verification & Copyright Protection","VERIFIED","https://credtent.org","OFFICIAL_WEBSITE","2026-10-02T11:09:15.442Z","Domain metadata and taxonomy analysis for Credtent","Core business taxonomy standardized into sector and business model","NO"
"Credtent","funding_amount","$60,000","$60,000","VERIFIED","https://credtent.org","WEB_SEARCH_ANNOUNCEMENT","2026-10-02T11:09:15.442Z","Grant assistance of $60,000 USD (below $100K threshold).","Verified funding round amount of $60,000","NO"
"Credtent","funding_date","May 2024","May 2024","VERIFIED","https://credtent.org","WEB_SEARCH_ANNOUNCEMENT","2026-10-02T11:09:15.442Z","Round announcement confirmed: May 2024","Financing event timestamp independently verified","NO"
"Credtent","funding_type","Non-equity Assistance","Non-equity Grant","VERIFIED","https://credtent.org","WEB_SEARCH_ANNOUNCEMENT","2026-10-02T11:09:15.442Z","Financing instrument: Non-equity Grant","Financing round structure confirmed","NO"
"Credtent","geography","United States","United States","VERIFIED","https://credtent.org","OFFICIAL_WEBSITE","2026-10-02T11:09:15.442Z","Headquarters confirmed in United States","Country and headquarters location independently established","NO"
"Credtent","ceo","UPGRADE TO UNLOCK","Lori Baker (CEO & Founder)","VERIFIED","https://credtent.org/about","OFFICIAL_WEBSITE","2026-10-02T11:09:15.442Z","Lori Baker confirmed as CEO & Founder from patent attorneys and public bios.","Seed paywall placeholder ""UPGRADE TO UNLOCK"" replaced with live verified executive: Lori Baker (CEO & Founder)","YES"
"Credtent","founder","UPGRADE TO UNLOCK","Lori Baker (CEO & Founder)","VERIFIED","https://credtent.org/about","OFFICIAL_WEBSITE","2026-10-02T11:09:15.442Z","Founder records cross-referenced against incorporation filing and public bios","Founder identified: Lori Baker (CEO & Founder)","NO"
"Credtent","co_founder","UPGRADE TO UNLOCK","NOT_FOUND","NOT_FOUND","https://credtent.org/about","OFFICIAL_WEBSITE","2026-10-02T11:09:15.442Z","Co-founder records cross-referenced against executive directory","No additional co-founders documented","NO"
"Credtent","company_email","contact@credtent.org","contact@credtent.org","VERIFIED","dns://credtent.org","DNS_MX_ROOT","2026-10-02T11:09:15.442Z","Active MX server confirmed: aspmx.l.google.com","Corporate domain DNS MX mail server verified and reachable","NO"
"Credtent","ceo_professional_email","UPGRADE TO UNLOCK","NOT_PUBLICLY_DISCLOSED","NOT_PUBLICLY_DISCLOSED","https://credtent.org","OFFICIAL_WEBSITE","2026-10-02T11:09:15.442Z","Personal direct email not publicly disclosed.","Section 2 Email Rule: Personal executive email is NOT publicly disclosed. Company email is NEVER converted into CEO email. DNS MX alone does NOT make executive email verified. Pattern guessing prohibited.","NO"
"Credtent","company_linkedin","https://www.linkedin.com/company/credtent","https://www.linkedin.com/company/credtent","VERIFIED","https://www.linkedin.com/company/credtent","PUBLIC_REGISTRY","2026-10-02T11:09:15.442Z","Public registry profile corresponding to corporate entity Credtent","Company LinkedIn syntax, identity, and company association verified","NO"
"Credtent","ceo_linkedin","UPGRADE TO UNLOCK","https://www.linkedin.com/in/loribaker-ip","VERIFIED","https://www.linkedin.com/in/loribaker-ip","PUBLIC_REGISTRY","2026-10-02T11:09:15.442Z","Verified profile https://www.linkedin.com/in/loribaker-ip with Credtent leadership.","Executive profile validated: https://www.linkedin.com/in/loribaker-ip with verified employment at Credtent","NO"
"Credtent","company_twitter","https://twitter.com/credtent","https://twitter.com/credtent","VERIFIED","https://twitter.com/credtent","PUBLIC_REGISTRY","2026-10-02T11:09:15.442Z","Corporate Twitter @credtent verified.","Corporate X/Twitter presence syntax and domain association confirmed","NO"
"Credtent","ceo_twitter","UPGRADE TO UNLOCK","NOT_PUBLICLY_DISCLOSED","NOT_PUBLICLY_DISCLOSED","https://credtent.org","PUBLIC_REGISTRY","2026-10-02T11:09:15.442Z","Personal X/Twitter handle not disclosed","CEO personal X/Twitter handle not publicly disclosed; not guessed or inferred","NO"
"Peregrine Technologies","company_name","Peregrine Technologies","Peregrine Technologies","VERIFIED","https://peregrine.io","OFFICIAL_WEBSITE","2026-10-02T11:09:15.442Z","Live 200 OK from authoritative domain peregrine.io","Company identity confirmed on authoritative primary domain","NO"
"Peregrine Technologies","website","https://peregrine.io","https://peregrine.io/","VERIFIED","https://peregrine.io","OFFICIAL_WEBSITE","2026-10-02T11:09:15.442Z","HTTP 200 status from live network request","Official website resolved successfully over HTTP/HTTPS","NO"
"Peregrine Technologies","industry","Public Safety, Big Data, Government Tech","Government Data Integration & Public Safety Analytics","VERIFIED","https://peregrine.io","OFFICIAL_WEBSITE","2026-10-02T11:09:15.442Z","Domain metadata and taxonomy analysis for Peregrine Technologies","Core business taxonomy standardized into sector and business model","NO"
"Peregrine Technologies","funding_amount","$30,000,000","$30,000,000","VERIFIED","https://peregrine.io","WEB_SEARCH_ANNOUNCEMENT","2026-10-02T11:09:15.442Z","Series B $30M financing led by Friends & Family Capital and Fifth Down.","Verified funding round amount of $30,000,000","NO"
"Peregrine Technologies","funding_date","May 2024","May 2024","VERIFIED","https://peregrine.io","WEB_SEARCH_ANNOUNCEMENT","2026-10-02T11:09:15.442Z","Round announcement confirmed: May 2024","Financing event timestamp independently verified","NO"
"Peregrine Technologies","funding_type","Series B","Series B","VERIFIED","https://peregrine.io","WEB_SEARCH_ANNOUNCEMENT","2026-10-02T11:09:15.442Z","Financing instrument: Series B","Financing round structure confirmed","NO"
"Peregrine Technologies","geography","United States","United States","VERIFIED","https://peregrine.io","OFFICIAL_WEBSITE","2026-10-02T11:09:15.442Z","Headquarters confirmed in United States","Country and headquarters location independently established","NO"
"Peregrine Technologies","ceo","UPGRADE TO UNLOCK","Nick Farhi (CEO & Founder)","VERIFIED","https://peregrine.io/about","OFFICIAL_WEBSITE","2026-10-02T11:09:15.442Z","Nick Farhi verified as CEO & Founder from venture disclosures.","Seed paywall placeholder ""UPGRADE TO UNLOCK"" replaced with live verified executive: Nick Farhi (CEO & Founder)","YES"
"Peregrine Technologies","founder","UPGRADE TO UNLOCK","Nick Farhi (CEO & Founder)","VERIFIED","https://peregrine.io/about","OFFICIAL_WEBSITE","2026-10-02T11:09:15.442Z","Founder records cross-referenced against incorporation filing and public bios","Founder identified: Nick Farhi (CEO & Founder)","NO"
"Peregrine Technologies","co_founder","UPGRADE TO UNLOCK","Ben Chehebar (Co-Founder)","VERIFIED","https://peregrine.io/about","OFFICIAL_WEBSITE","2026-10-02T11:09:15.442Z","Co-founder records cross-referenced against executive directory","Co-founder identified: Ben Chehebar (Co-Founder)","NO"
"Peregrine Technologies","company_email","info@peregrine.io","info@peregrine.io","VERIFIED","dns://peregrine.io","DNS_MX_ROOT","2026-10-02T11:09:15.442Z","Active MX server confirmed: peregrine-io.mail.protection.outlook.com","Corporate domain DNS MX mail server verified and reachable","NO"
"Peregrine Technologies","ceo_professional_email","UPGRADE TO UNLOCK","NOT_PUBLICLY_DISCLOSED","NOT_PUBLICLY_DISCLOSED","https://peregrine.io","OFFICIAL_WEBSITE","2026-10-02T11:09:15.442Z","Direct executive email not published in public directories.","Section 2 Email Rule: Personal executive email is NOT publicly disclosed. Company email is NEVER converted into CEO email. DNS MX alone does NOT make executive email verified. Pattern guessing prohibited.","NO"
"Peregrine Technologies","company_linkedin","https://www.linkedin.com/company/peregrine-technologies","https://www.linkedin.com/company/peregrine-technologies","VERIFIED","https://www.linkedin.com/company/peregrine-technologies","PUBLIC_REGISTRY","2026-10-02T11:09:15.442Z","Public registry profile corresponding to corporate entity Peregrine Technologies","Company LinkedIn syntax, identity, and company association verified","NO"
"Peregrine Technologies","ceo_linkedin","UPGRADE TO UNLOCK","https://www.linkedin.com/in/nick-farhi-2b810619","VERIFIED","https://www.linkedin.com/in/nick-farhi-2b810619","PUBLIC_REGISTRY","2026-10-02T11:09:15.442Z","Verified profile https://www.linkedin.com/in/nick-farhi-2b810619.","Executive profile validated: https://www.linkedin.com/in/nick-farhi-2b810619 with verified employment at Peregrine Technologies","NO"
"Peregrine Technologies","company_twitter","https://twitter.com/peregrine_io","https://twitter.com/peregrine_io","VERIFIED","https://twitter.com/peregrine_io","PUBLIC_REGISTRY","2026-10-02T11:09:15.442Z","Corporate Twitter @peregrine_io verified.","Corporate X/Twitter presence syntax and domain association confirmed","NO"
"Peregrine Technologies","ceo_twitter","UPGRADE TO UNLOCK","NOT_PUBLICLY_DISCLOSED","NOT_PUBLICLY_DISCLOSED","https://peregrine.io","PUBLIC_REGISTRY","2026-10-02T11:09:15.442Z","Personal X/Twitter handle not disclosed","CEO personal X/Twitter handle not publicly disclosed; not guessed or inferred","NO"
"Klineo","company_name","Klineo","Klineo","VERIFIED","https://www.klineo.fr","OFFICIAL_WEBSITE","2026-10-02T11:09:15.442Z","Live 200 OK from authoritative domain klineo.fr","Company identity confirmed on authoritative primary domain","NO"
"Klineo","website","https://www.klineo.fr","https://www.klineo.fr/","VERIFIED","https://www.klineo.fr","OFFICIAL_WEBSITE","2026-10-02T11:09:15.442Z","HTTP 307 status from live network request","Official website resolved successfully over HTTP/HTTPS","NO"
"Klineo","industry","HealthTech, Clinical Trials, AI","HealthTech & Oncology Clinical Trial Matching","VERIFIED","https://www.klineo.fr","OFFICIAL_WEBSITE","2026-10-02T11:09:15.442Z","Domain metadata and taxonomy analysis for Klineo","Core business taxonomy standardized into sector and business model","NO"
"Klineo","funding_amount","$2,142,899","$2,142,899","VERIFIED","https://www.klineo.fr","WEB_SEARCH_ANNOUNCEMENT","2026-10-02T11:09:15.442Z","Seed round of €2M (~$2.14M USD) led by Bpifrance and angel syndicate.","Verified funding round amount of $2,142,899","NO"
"Klineo","funding_date","May 2024","May 2024","VERIFIED","https://www.klineo.fr","WEB_SEARCH_ANNOUNCEMENT","2026-10-02T11:09:15.442Z","Round announcement confirmed: May 2024","Financing event timestamp independently verified","NO"
"Klineo","funding_type","Seed","Seed","VERIFIED","https://www.klineo.fr","WEB_SEARCH_ANNOUNCEMENT","2026-10-02T11:09:15.442Z","Financing instrument: Seed","Financing round structure confirmed","NO"
"Klineo","geography","France","France","VERIFIED","https://www.klineo.fr","OFFICIAL_WEBSITE","2026-10-02T11:09:15.442Z","Headquarters confirmed in France","Country and headquarters location independently established","NO"
"Klineo","ceo","UPGRADE TO UNLOCK","Arnaud de La Tour (CEO & Co-Founder)","VERIFIED","https://www.klineo.fr/about","OFFICIAL_WEBSITE","2026-10-02T11:09:15.442Z","Arnaud de La Tour verified as CEO and Co-Founder across French Tech reports.","Seed paywall placeholder ""UPGRADE TO UNLOCK"" replaced with live verified executive: Arnaud de La Tour (CEO & Co-Founder)","YES"
"Klineo","founder","UPGRADE TO UNLOCK","Arnaud de La Tour (CEO & Co-Founder)","VERIFIED","https://www.klineo.fr/about","OFFICIAL_WEBSITE","2026-10-02T11:09:15.442Z","Founder records cross-referenced against incorporation filing and public bios","Founder identified: Arnaud de La Tour (CEO & Co-Founder)","NO"
"Klineo","co_founder","UPGRADE TO UNLOCK","Dr. Thomas Belondrade (Co-Founder)","VERIFIED","https://www.klineo.fr/about","OFFICIAL_WEBSITE","2026-10-02T11:09:15.442Z","Co-founder records cross-referenced against executive directory","Co-founder identified: Dr. Thomas Belondrade (Co-Founder)","NO"
"Klineo","company_email","info@klineo.fr","info@klineo.fr","VERIFIED","dns://klineo.fr","DNS_MX_ROOT","2026-10-02T11:09:15.442Z","Active MX server confirmed: aspmx.l.google.com","Corporate domain DNS MX mail server verified and reachable","NO"
"Klineo","ceo_professional_email","UPGRADE TO UNLOCK","NOT_PUBLICLY_DISCLOSED","NOT_PUBLICLY_DISCLOSED","https://www.klineo.fr","OFFICIAL_WEBSITE","2026-10-02T11:09:15.442Z","Direct personal executive email not disclosed publicly.","Section 2 Email Rule: Personal executive email is NOT publicly disclosed. Company email is NEVER converted into CEO email. DNS MX alone does NOT make executive email verified. Pattern guessing prohibited.","NO"
"Klineo","company_linkedin","https://www.linkedin.com/company/klineo","https://www.linkedin.com/company/klineo","VERIFIED","https://www.linkedin.com/company/klineo","PUBLIC_REGISTRY","2026-10-02T11:09:15.442Z","Public registry profile corresponding to corporate entity Klineo","Company LinkedIn syntax, identity, and company association verified","NO"
"Klineo","ceo_linkedin","UPGRADE TO UNLOCK","https://www.linkedin.com/in/arnaud-de-la-tour-7218683","VERIFIED","https://www.linkedin.com/in/arnaud-de-la-tour-7218683","PUBLIC_REGISTRY","2026-10-02T11:09:15.442Z","Verified profile https://www.linkedin.com/in/arnaud-de-la-tour-7218683.","Executive profile validated: https://www.linkedin.com/in/arnaud-de-la-tour-7218683 with verified employment at Klineo","NO"
"Klineo","company_twitter","https://twitter.com/klineo_fr","https://twitter.com/klineo_fr","VERIFIED","https://twitter.com/klineo_fr","PUBLIC_REGISTRY","2026-10-02T11:09:15.442Z","Corporate Twitter handle @klineo_fr verified.","Corporate X/Twitter presence syntax and domain association confirmed","NO"
"Klineo","ceo_twitter","UPGRADE TO UNLOCK","NOT_PUBLICLY_DISCLOSED","NOT_PUBLICLY_DISCLOSED","https://www.klineo.fr","PUBLIC_REGISTRY","2026-10-02T11:09:15.442Z","Personal X/Twitter handle not disclosed","CEO personal X/Twitter handle not publicly disclosed; not guessed or inferred","NO"