"Company Name","Website","Location","Geography Status","Source Funding (Seed)","Verified Funding (Web)","Funding Status","Verified CEO / Founder","Company Email","CEO Professional Email","DNS MX Status","Target Profile Verdict","Match Percentage","Exact Rationale","Test Scenario Evaluated"
"Traction","https://www.tractionag.com","Company identity verified on authoritative domain tractionag.com","Global (All Countries Allowed)","$3,440,421","$3,440,421","VERIFIED","Ian Harley (CEO & Co-Founder)","info@tractionag.com","NOT_PUBLICLY_DISCLOSED","Active (aspmx.l.google.com)","Qualified","100%","All mandatory criteria verified with supporting evidence.","Global Target Profile allows US company + In-range funding ($3.44M) + Paywalled CEO resolved to Ian Harley + Company Email separated from CEO Email"
"Airstack","https://airstack.xyz","Company identity verified on authoritative domain airstack.xyz","Global (All Countries Allowed)","$4,000,000","$21,300,000 USD","CONFLICT","Jason Goldberg (CEO & Founder)","info@airstack.xyz","NOT_PUBLICLY_DISCLOSED","Active (aspmx.l.google.com)","Under Review","40%","Funding conflict: Input states $4,000,000 vs Web research $21,300,000 USD","Funding Change & Conflict: Seed input $4M Seed vs Live Web Research reveals $21.3M Series A -> CONFLICT / UNDER_REVIEW"
"CoreWeave","https://www.coreweave.com","Company identity verified on authoritative domain coreweave.com","Global (All Countries Allowed)","$1,100,000,000","$1,100,000,000","VERIFIED","Michael Intrator (CEO & Co-Founder)","support@coreweave.com","NOT_PUBLICLY_DISCLOSED","Active (mxa-0072dd01.gslb.pphosted.com)","Rejected","67%","Funding $1,100,000,000 USD exceeds configured maximum $10,000,000 USD","Outside Funding Range: $1.1B exceeds $10M max bound -> REJECTED for funding bounds"
"Blaize","https://www.blaize.com","Company identity verified on authoritative domain blaize.com","Global (All Countries Allowed)","$106,000,000","$106,000,000","VERIFIED","Executive Leader (Executive)","info@blaize.com","NOT_PUBLICLY_DISCLOSED","Active (mxb-0063e101.gslb.pphosted.com)","Rejected","67%","Funding $106,000,000 USD exceeds configured maximum $10,000,000 USD","Outside Funding Range: $106M exceeds $10M max bound -> REJECTED for funding bounds"
"Hexigone Inhibitors","https://www.hexigone.com/","Company identity verified on authoritative domain hexigone.com","Global (All Countries Allowed)","$1,003,431","$1,003,431","VERIFIED","Dr. Patrick Dodds (CEO & Founder)","info@hexigone.com","NOT_PUBLICLY_DISCLOSED","Active (hexigone-com.mail.protection.outlook.com)","Qualified","100%","All mandatory criteria verified with supporting evidence.","Within funding range ($1.0M) + Europe geography + Paywalled CEO discovered as Dr. Patrick Dodds"
"Renda","https://renda.co","Company identity verified on authoritative domain renda.co","Global (All Countries Allowed)","$1,300,000","$1,300,000","VERIFIED","Executive Leader (Executive)","hello@renda.co","NOT_PUBLICLY_DISCLOSED","Active (smtp.google.com)","Qualified","100%","All mandatory criteria verified with supporting evidence.","Global Geography (Africa/Nigeria) + Within funding range ($1.3M Pre-seed)"
"Bleach Cyber","https://bleachcyber.com","Company identity verified on authoritative domain bleachcyber.com","Global (All Countries Allowed)","$2,000,000","$2,000,000","VERIFIED","Craig Goodwin (CEO & Co-Founder)","info@bleachcyber.com","NOT_PUBLICLY_DISCLOSED","INACTIVE_NO_MX","Rejected","80%","Domain publishes no active DNS MX mail server records","Dead DNS MX Mail Server: No MX records exist -> Contact Verification FAIL"
"Credtent","https://credtent.org","Company identity verified on authoritative domain credtent.org","Global (All Countries Allowed)","$60,000","$60,000","VERIFIED","Executive Leader (Executive)","contact@credtent.org","NOT_PUBLICLY_DISCLOSED","Active (aspmx.l.google.com)","Rejected","67%","Funding $60,000 USD is below configured minimum $100,000 USD","Funding Below Minimum: $60K is below configured $100K minimum -> REJECTED for funding bounds"
"Peregrine Technologies","https://peregrine.io","Company identity verified on authoritative domain peregrine.io","Global (All Countries Allowed)","$30,000,000","$30,000,000","VERIFIED","Nick Farhi (CEO & Founder)","info@peregrine.io","NOT_PUBLICLY_DISCLOSED","Active (peregrine-io.mail.protection.outlook.com)","Rejected","67%","Funding $30,000,000 USD exceeds configured maximum $10,000,000 USD","Outside funding range ($30M > $10M) + Executive Nick Farhi verified via public profile"
"Klineo","https://www.klineo.fr","Company identity verified on authoritative domain klineo.fr","Global (All Countries Allowed)","$2,142,899","$2,142,899","VERIFIED","Arnaud de La Tour (CEO & Co-Founder)","info@klineo.fr","NOT_PUBLICLY_DISCLOSED","Active (aspmx.l.google.com)","Qualified","100%","All mandatory criteria verified with supporting evidence.","European Target Profile: France headquarters + Within funding range ($2.14M) + CEO Arnaud de La Tour"