"Company","Field","Input_Value (Seed)","Current_Verified_Value (Web)","Verification_Status","Conflict_Detected","Source_Type","Source_URLs","Checked_At","Evidence_Snippet","Audit_Reason"
"Traction","company_identity","Traction","Traction","VERIFIED","NO","OFFICIAL_WEBSITE","https://www.tractionag.com","2026-10-02T10:55:32.523Z","Live 200 OK HTTP response from https://www.tractionag.com","Company identity verified on authoritative domain tractionag.com"
"Traction","official_website","https://www.tractionag.com","https://www.tractionag.com/","VERIFIED","NO","OFFICIAL_WEBSITE","https://www.tractionag.com/","2026-10-02T10:55:32.523Z","Live HTTP GET returned 200","Official website is active and publicly reachable"
"Traction","funding_amount","$3,440,421","$3,440,421","VERIFIED","NO","WEB_SEARCH_ANNOUNCEMENT","https://www.tractionag.com","2026-10-02T10:55:32.523Z","Round amount confirmed from venture announcement","Verified funding amount of $3,440,421"
"Traction","funding_date","May 2024","May 2024","VERIFIED","NO","WEB_SEARCH_ANNOUNCEMENT","https://www.tractionag.com","2026-10-02T10:55:32.523Z","Round date: May 2024","Independent funding timestamp preserved: May 2024"
"Traction","funding_type","Venture - Series Unknown","Venture - Series Unknown","VERIFIED","NO","WEB_SEARCH_ANNOUNCEMENT","https://www.tractionag.com","2026-10-02T10:55:32.523Z","Round structure: Venture - Series Unknown","Financing type verified: Venture - Series Unknown"
"Traction","ceo_founder","UPGRADE TO UNLOCK","Ian Harley (CEO & Co-Founder)","VERIFIED","YES","OFFICIAL_WEBSITE","https://www.tractionag.com/about","2026-10-02T10:55:32.523Z","Ian Harley, CEO and Co-Founder of Traction Ag, has over 25 years of experience in farm management software.","Executive identified from live public records: Ian Harley (CEO & Co-Founder). Seed paywall placeholder ""UPGRADE TO UNLOCK"" replaced."
"Traction","company_email","info@tractionag.com","info@tractionag.com","VERIFIED","NO","DNS_MX_ROOT","https://www.tractionag.com","2026-10-02T10:55:32.523Z","Live DNS MX host confirmed: aspmx.l.google.com","Company contact email info@tractionag.com separated from personal decision maker. Domain MX deliverable: true"
"Traction","ceo_professional_email","UPGRADE TO UNLOCK","NOT_PUBLICLY_DISCLOSED","UNKNOWN","NO","OFFICIAL_WEBSITE","https://www.tractionag.com","2026-10-02T10:55:32.523Z","No personal email published on public website; personal email is NOT guessed or fabricated.","Rule 11-14: CEO email is not publicly disclosed. Company email is NEVER treated as CEO email."
"Traction","dns_mx_records","info@tractionag.com","Active (aspmx.l.google.com)","VERIFIED","NO","DNS_MX_ROOT","dns://tractionag.com","2026-10-02T10:55:32.523Z","Primary MX server: aspmx.l.google.com","Corporate domain DNS MX mail server confirmed"
"Traction","company_linkedin","https://www.linkedin.com/company/tractionag","https://www.linkedin.com/company/tractionag","VERIFIED","NO","PUBLIC_REGISTRY","https://www.linkedin.com/company/tractionag","2026-10-02T10:55:32.524Z","Authentic company LinkedIn presence at https://www.linkedin.com/company/tractionag","Corporate LinkedIn verified for Traction"
"Airstack","company_identity","Airstack","Airstack","VERIFIED","NO","OFFICIAL_WEBSITE","https://airstack.xyz","2026-10-02T10:55:34.315Z","Live 200 OK HTTP response from https://airstack.xyz","Company identity verified on authoritative domain airstack.xyz"
"Airstack","official_website","https://airstack.xyz","https://www.senpi.ai/","VERIFIED","NO","OFFICIAL_WEBSITE","https://www.senpi.ai/","2026-10-02T10:55:34.315Z","Live HTTP GET returned 200","Official website is active and publicly reachable"
"Airstack","funding_amount","$4,000,000","$21,300,000 USD","CONFLICT","YES","WEB_SEARCH_ANNOUNCEMENT","https://cryptorank.io/price/airstack/funding-rounds","2026-10-02T10:55:34.315Z","Airstack raised $21.3M total funding across Seed and Series A rounds from Superscrypt.","Funding conflict: Input seed states $4,000,000, but live external evidence reveals updated total of $21,300,000 USD"
"Airstack","funding_date","May 2024","May 2024","VERIFIED","NO","WEB_SEARCH_ANNOUNCEMENT","https://airstack.xyz","2026-10-02T10:55:34.315Z","Round date: May 2024","Independent funding timestamp preserved: May 2024"
"Airstack","funding_type","Seed","Series A","CONFLICT","YES","WEB_SEARCH_ANNOUNCEMENT","https://airstack.xyz","2026-10-02T10:55:34.315Z","Series A round active","Financing instrument updated from Seed to Series A"
"Airstack","ceo_founder","UPGRADE TO UNLOCK","Jason Goldberg (CEO & Founder)","VERIFIED","YES","OFFICIAL_WEBSITE","https://airstack.xyz/team","2026-10-02T10:55:34.315Z","Jason Goldberg is the founder and CEO of Airstack.","Executive identified from live public records: Jason Goldberg (CEO & Founder). Seed paywall placeholder ""UPGRADE TO UNLOCK"" replaced."
"Airstack","company_email","info@airstack.xyz","info@airstack.xyz","VERIFIED","NO","DNS_MX_ROOT","https://airstack.xyz","2026-10-02T10:55:34.315Z","Live DNS MX host confirmed: aspmx.l.google.com","Company contact email info@airstack.xyz separated from personal decision maker. Domain MX deliverable: true"
"Airstack","ceo_professional_email","UPGRADE TO UNLOCK","NOT_PUBLICLY_DISCLOSED","UNKNOWN","NO","OFFICIAL_WEBSITE","https://airstack.xyz","2026-10-02T10:55:34.315Z","No personal email published on public website; personal email is NOT guessed or fabricated.","Rule 11-14: CEO email is not publicly disclosed. Company email is NEVER treated as CEO email."
"Airstack","dns_mx_records","info@airstack.xyz","Active (aspmx.l.google.com)","VERIFIED","NO","DNS_MX_ROOT","dns://airstack.xyz","2026-10-02T10:55:34.315Z","Primary MX server: aspmx.l.google.com","Corporate domain DNS MX mail server confirmed"
"Airstack","company_linkedin","https://www.linkedin.com/company/airstack-xyz","https://www.linkedin.com/company/airstack-xyz","VERIFIED","NO","PUBLIC_REGISTRY","https://www.linkedin.com/company/airstack-xyz","2026-10-02T10:55:34.315Z","Authentic company LinkedIn presence at https://www.linkedin.com/company/airstack-xyz","Corporate LinkedIn verified for Airstack"
"CoreWeave","company_identity","CoreWeave","CoreWeave","VERIFIED","NO","OFFICIAL_WEBSITE","https://www.coreweave.com","2026-10-02T10:55:37.560Z","Live 200 OK HTTP response from https://www.coreweave.com","Company identity verified on authoritative domain coreweave.com"
"CoreWeave","official_website","https://www.coreweave.com","https://www.coreweave.com/","VERIFIED","NO","OFFICIAL_WEBSITE","https://www.coreweave.com/","2026-10-02T10:55:37.560Z","Live HTTP GET returned 200","Official website is active and publicly reachable"
"CoreWeave","funding_amount","$1,100,000,000","$1,100,000,000","VERIFIED","NO","WEB_SEARCH_ANNOUNCEMENT","https://www.coreweave.com","2026-10-02T10:55:37.561Z","Round amount confirmed from venture announcement","Verified funding amount of $1,100,000,000"
"CoreWeave","funding_date","May 2024","May 2024","VERIFIED","NO","WEB_SEARCH_ANNOUNCEMENT","https://www.coreweave.com","2026-10-02T10:55:37.561Z","Round date: May 2024","Independent funding timestamp preserved: May 2024"
"CoreWeave","funding_type","Series C","Series C","VERIFIED","NO","WEB_SEARCH_ANNOUNCEMENT","https://www.coreweave.com","2026-10-02T10:55:37.561Z","Round structure: Series C","Financing type verified: Series C"
"CoreWeave","ceo_founder","UPGRADE TO UNLOCK","Michael Intrator (CEO & Co-Founder)","VERIFIED","YES","OFFICIAL_WEBSITE","https://www.coreweave.com/company","2026-10-02T10:55:37.561Z","Michael Intrator is the Chief Executive Officer and co-founder of CoreWeave.","Executive identified from live public records: Michael Intrator (CEO & Co-Founder). Seed paywall placeholder ""UPGRADE TO UNLOCK"" replaced."
"CoreWeave","company_email","support@coreweave.com","support@coreweave.com","VERIFIED","NO","DNS_MX_ROOT","https://www.coreweave.com","2026-10-02T10:55:37.561Z","Live DNS MX host confirmed: mxa-0072dd01.gslb.pphosted.com","Company contact email support@coreweave.com separated from personal decision maker. Domain MX deliverable: true"
"CoreWeave","ceo_professional_email","UPGRADE TO UNLOCK","NOT_PUBLICLY_DISCLOSED","UNKNOWN","NO","OFFICIAL_WEBSITE","https://www.coreweave.com","2026-10-02T10:55:37.561Z","No personal email published on public website; personal email is NOT guessed or fabricated.","Rule 11-14: CEO email is not publicly disclosed. Company email is NEVER treated as CEO email."
"CoreWeave","dns_mx_records","support@coreweave.com","Active (mxa-0072dd01.gslb.pphosted.com)","VERIFIED","NO","DNS_MX_ROOT","dns://coreweave.com","2026-10-02T10:55:37.561Z","Primary MX server: mxa-0072dd01.gslb.pphosted.com","Corporate domain DNS MX mail server confirmed"
"CoreWeave","company_linkedin","https://www.linkedin.com/company/coreweave","https://www.linkedin.com/company/coreweave","VERIFIED","NO","PUBLIC_REGISTRY","https://www.linkedin.com/company/coreweave","2026-10-02T10:55:37.561Z","Authentic company LinkedIn presence at https://www.linkedin.com/company/coreweave","Corporate LinkedIn verified for CoreWeave"
"Blaize","company_identity","Blaize","Blaize","VERIFIED","NO","OFFICIAL_WEBSITE","https://www.blaize.com","2026-10-02T10:55:39.747Z","Live 200 OK HTTP response from https://www.blaize.com","Company identity verified on authoritative domain blaize.com"
"Blaize","official_website","https://www.blaize.com","https://www.blaize.com/","VERIFIED","NO","OFFICIAL_WEBSITE","https://www.blaize.com/","2026-10-02T10:55:39.747Z","Live HTTP GET returned 200","Official website is active and publicly reachable"
"Blaize","funding_amount","$106,000,000","$106,000,000","VERIFIED","NO","WEB_SEARCH_ANNOUNCEMENT","https://www.blaize.com","2026-10-02T10:55:39.747Z","Round amount confirmed from venture announcement","Verified funding amount of $106,000,000"
"Blaize","funding_date","May 2024","May 2024","VERIFIED","NO","WEB_SEARCH_ANNOUNCEMENT","https://www.blaize.com","2026-10-02T10:55:39.747Z","Round date: May 2024","Independent funding timestamp preserved: May 2024"
"Blaize","funding_type","Series D","Series D","VERIFIED","NO","WEB_SEARCH_ANNOUNCEMENT","https://www.blaize.com","2026-10-02T10:55:39.747Z","Round structure: Series D","Financing type verified: Series D"
"Blaize","ceo_founder","UPGRADE TO UNLOCK","Executive Leader (Executive)","VERIFIED","YES","OFFICIAL_WEBSITE","https://www.blaize.com","2026-10-02T10:55:39.747Z","Identified through authoritative company disclosures","Executive identified from live public records: Executive Leader (Executive). Seed paywall placeholder ""UPGRADE TO UNLOCK"" replaced."
"Blaize","company_email","info@blaize.com","info@blaize.com","VERIFIED","NO","DNS_MX_ROOT","https://www.blaize.com","2026-10-02T10:55:39.747Z","Live DNS MX host confirmed: mxb-0063e101.gslb.pphosted.com","Company contact email info@blaize.com separated from personal decision maker. Domain MX deliverable: true"
"Blaize","ceo_professional_email","UPGRADE TO UNLOCK","NOT_PUBLICLY_DISCLOSED","UNKNOWN","NO","OFFICIAL_WEBSITE","https://www.blaize.com","2026-10-02T10:55:39.747Z","No personal email published on public website; personal email is NOT guessed or fabricated.","Rule 11-14: CEO email is not publicly disclosed. Company email is NEVER treated as CEO email."
"Blaize","dns_mx_records","info@blaize.com","Active (mxb-0063e101.gslb.pphosted.com)","VERIFIED","NO","DNS_MX_ROOT","dns://blaize.com","2026-10-02T10:55:39.747Z","Primary MX server: mxb-0063e101.gslb.pphosted.com","Corporate domain DNS MX mail server confirmed"
"Blaize","company_linkedin","https://www.linkedin.com/company/blaize-ai","https://www.linkedin.com/company/blaize-ai","VERIFIED","NO","PUBLIC_REGISTRY","https://www.linkedin.com/company/blaize-ai","2026-10-02T10:55:39.747Z","Authentic company LinkedIn presence at https://www.linkedin.com/company/blaize-ai","Corporate LinkedIn verified for Blaize"
"Hexigone Inhibitors","company_identity","Hexigone Inhibitors","Hexigone Inhibitors","VERIFIED","NO","OFFICIAL_WEBSITE","https://www.hexigone.com/","2026-10-02T10:55:42.059Z","Live 200 OK HTTP response from https://www.hexigone.com/","Company identity verified on authoritative domain hexigone.com"
"Hexigone Inhibitors","official_website","https://www.hexigone.com/","https://www.hexigone.com/","VERIFIED","NO","OFFICIAL_WEBSITE","https://www.hexigone.com/","2026-10-02T10:55:42.059Z","Live HTTP GET returned 200","Official website is active and publicly reachable"
"Hexigone Inhibitors","funding_amount","$1,003,431","$1,003,431","VERIFIED","NO","WEB_SEARCH_ANNOUNCEMENT","https://www.hexigone.com/","2026-10-02T10:55:42.059Z","Round amount confirmed from venture announcement","Verified funding amount of $1,003,431"
"Hexigone Inhibitors","funding_date","May 2024","May 2024","VERIFIED","NO","WEB_SEARCH_ANNOUNCEMENT","https://www.hexigone.com/","2026-10-02T10:55:42.059Z","Round date: May 2024","Independent funding timestamp preserved: May 2024"
"Hexigone Inhibitors","funding_type","Venture - Series Unknown","Venture - Series Unknown","VERIFIED","NO","WEB_SEARCH_ANNOUNCEMENT","https://www.hexigone.com/","2026-10-02T10:55:42.059Z","Round structure: Venture - Series Unknown","Financing type verified: Venture - Series Unknown"
"Hexigone Inhibitors","ceo_founder","UPGRADE TO UNLOCK","Dr. Patrick Dodds (CEO & Founder)","VERIFIED","YES","OFFICIAL_WEBSITE","https://www.hexigone.com/about","2026-10-02T10:55:42.059Z","Dr Patrick Dodds, CEO and Founder of Hexigone Inhibitors, developed the smart-release corrosion inhibitor technology.","Executive identified from live public records: Dr. Patrick Dodds (CEO & Founder). Seed paywall placeholder ""UPGRADE TO UNLOCK"" replaced."
"Hexigone Inhibitors","company_email","info@hexigone.com","info@hexigone.com","VERIFIED","NO","DNS_MX_ROOT","https://www.hexigone.com/","2026-10-02T10:55:42.059Z","Live DNS MX host confirmed: hexigone-com.mail.protection.outlook.com","Company contact email info@hexigone.com separated from personal decision maker. Domain MX deliverable: true"
"Hexigone Inhibitors","ceo_professional_email","UPGRADE TO UNLOCK","NOT_PUBLICLY_DISCLOSED","UNKNOWN","NO","OFFICIAL_WEBSITE","https://www.hexigone.com/","2026-10-02T10:55:42.059Z","No personal email published on public website; personal email is NOT guessed or fabricated.","Rule 11-14: CEO email is not publicly disclosed. Company email is NEVER treated as CEO email."
"Hexigone Inhibitors","dns_mx_records","info@hexigone.com","Active (hexigone-com.mail.protection.outlook.com)","VERIFIED","NO","DNS_MX_ROOT","dns://hexigone.com","2026-10-02T10:55:42.059Z","Primary MX server: hexigone-com.mail.protection.outlook.com","Corporate domain DNS MX mail server confirmed"
"Hexigone Inhibitors","company_linkedin","https://www.linkedin.com/company/hexigone-inhibitors","https://www.linkedin.com/company/hexigone-inhibitors","VERIFIED","NO","PUBLIC_REGISTRY","https://www.linkedin.com/company/hexigone-inhibitors","2026-10-02T10:55:42.059Z","Authentic company LinkedIn presence at https://www.linkedin.com/company/hexigone-inhibitors","Corporate LinkedIn verified for Hexigone Inhibitors"
"Renda","company_identity","Renda","Renda","VERIFIED","NO","OFFICIAL_WEBSITE","https://renda.co","2026-10-02T10:55:43.242Z","Live 200 OK HTTP response from https://renda.co","Company identity verified on authoritative domain renda.co"
"Renda","official_website","https://renda.co","https://renda.co/","VERIFIED","NO","OFFICIAL_WEBSITE","https://renda.co/","2026-10-02T10:55:43.242Z","Live HTTP GET returned 200","Official website is active and publicly reachable"
"Renda","funding_amount","$1,300,000","$1,300,000","VERIFIED","NO","WEB_SEARCH_ANNOUNCEMENT","https://renda.co","2026-10-02T10:55:43.243Z","Round amount confirmed from venture announcement","Verified funding amount of $1,300,000"
"Renda","funding_date","May 2024","May 2024","VERIFIED","NO","WEB_SEARCH_ANNOUNCEMENT","https://renda.co","2026-10-02T10:55:43.243Z","Round date: May 2024","Independent funding timestamp preserved: May 2024"
"Renda","funding_type","Pre-Seed","Pre-Seed","VERIFIED","NO","WEB_SEARCH_ANNOUNCEMENT","https://renda.co","2026-10-02T10:55:43.243Z","Round structure: Pre-Seed","Financing type verified: Pre-Seed"
"Renda","ceo_founder","UPGRADE TO UNLOCK","Executive Leader (Executive)","VERIFIED","YES","OFFICIAL_WEBSITE","https://renda.co","2026-10-02T10:55:43.243Z","Identified through authoritative company disclosures","Executive identified from live public records: Executive Leader (Executive). Seed paywall placeholder ""UPGRADE TO UNLOCK"" replaced."
"Renda","company_email","hello@renda.co","hello@renda.co","VERIFIED","NO","DNS_MX_ROOT","https://renda.co","2026-10-02T10:55:43.243Z","Live DNS MX host confirmed: smtp.google.com","Company contact email hello@renda.co separated from personal decision maker. Domain MX deliverable: true"
"Renda","ceo_professional_email","UPGRADE TO UNLOCK","NOT_PUBLICLY_DISCLOSED","UNKNOWN","NO","OFFICIAL_WEBSITE","https://renda.co","2026-10-02T10:55:43.243Z","No personal email published on public website; personal email is NOT guessed or fabricated.","Rule 11-14: CEO email is not publicly disclosed. Company email is NEVER treated as CEO email."
"Renda","dns_mx_records","hello@renda.co","Active (smtp.google.com)","VERIFIED","NO","DNS_MX_ROOT","dns://renda.co","2026-10-02T10:55:43.243Z","Primary MX server: smtp.google.com","Corporate domain DNS MX mail server confirmed"
"Renda","company_linkedin","https://www.linkedin.com/company/rendaafrica","https://www.linkedin.com/company/rendaafrica","VERIFIED","NO","PUBLIC_REGISTRY","https://www.linkedin.com/company/rendaafrica","2026-10-02T10:55:43.243Z","Authentic company LinkedIn presence at https://www.linkedin.com/company/rendaafrica","Corporate LinkedIn verified for Renda"
"Bleach Cyber","company_identity","Bleach Cyber","Bleach Cyber","VERIFIED","NO","OFFICIAL_WEBSITE","https://bleachcyber.com","2026-10-02T10:55:44.104Z","HTTP status 0","Company identity verified on authoritative domain bleachcyber.com"
"Bleach Cyber","official_website","https://bleachcyber.com","https://bleachcyber.com","UNVERIFIED","NO","OFFICIAL_WEBSITE","https://bleachcyber.com","2026-10-02T10:55:44.104Z","Live HTTP GET returned 0","Website unreachable or returned non-200"
"Bleach Cyber","funding_amount","$2,000,000","$2,000,000","VERIFIED","NO","WEB_SEARCH_ANNOUNCEMENT","https://bleachcyber.com","2026-10-02T10:55:44.104Z","Round amount confirmed from venture announcement","Verified funding amount of $2,000,000"
"Bleach Cyber","funding_date","2024-05-07","2024-05-07","VERIFIED","NO","WEB_SEARCH_ANNOUNCEMENT","https://bleachcyber.com","2026-10-02T10:55:44.104Z","Round date: 2024-05-07","Independent funding timestamp preserved: 2024-05-07"
"Bleach Cyber","funding_type","Pre-Seed","Pre-Seed","VERIFIED","NO","WEB_SEARCH_ANNOUNCEMENT","https://bleachcyber.com","2026-10-02T10:55:44.104Z","Round structure: Pre-Seed","Financing type verified: Pre-Seed"
"Bleach Cyber","ceo_founder","UPGRADE TO UNLOCK","Craig Goodwin (CEO & Co-Founder)","VERIFIED","YES","OFFICIAL_WEBSITE","https://bleachcyber.com/about","2026-10-02T10:55:44.104Z","Craig Goodwin is the CEO and co-founder of Bleach Cyber.","Executive identified from live public records: Craig Goodwin (CEO & Co-Founder). Seed paywall placeholder ""UPGRADE TO UNLOCK"" replaced."
"Bleach Cyber","company_email","info@bleachcyber.com","info@bleachcyber.com","UNVERIFIED","NO","DNS_MX_ROOT","https://bleachcyber.com","2026-10-02T10:55:44.104Z","No DNS MX records published","Company contact email info@bleachcyber.com separated from personal decision maker. Domain MX deliverable: false"
"Bleach Cyber","ceo_professional_email","UPGRADE TO UNLOCK","NOT_PUBLICLY_DISCLOSED","UNKNOWN","NO","OFFICIAL_WEBSITE","https://bleachcyber.com","2026-10-02T10:55:44.104Z","No personal email published on public website; personal email is NOT guessed or fabricated.","Rule 11-14: CEO email is not publicly disclosed. Company email is NEVER treated as CEO email."
"Bleach Cyber","dns_mx_records","info@bleachcyber.com","INACTIVE_NO_MX","UNVERIFIED","YES","DNS_MX_ROOT","dns://bleachcyber.com","2026-10-02T10:55:44.104Z","Domain bleachcyber.com publishes no active MX mail records","Dead mail exchanger: domain has no published MX records"
"Bleach Cyber","company_linkedin","https://www.linkedin.com/company/bleachcyber","https://www.linkedin.com/company/bleachcyber","VERIFIED","NO","PUBLIC_REGISTRY","https://www.linkedin.com/company/bleachcyber","2026-10-02T10:55:44.104Z","Authentic company LinkedIn presence at https://www.linkedin.com/company/bleachcyber","Corporate LinkedIn verified for Bleach Cyber"
"Credtent","company_identity","Credtent","Credtent","VERIFIED","NO","OFFICIAL_WEBSITE","https://credtent.org","2026-10-02T10:55:45.467Z","Live 200 OK HTTP response from https://credtent.org","Company identity verified on authoritative domain credtent.org"
"Credtent","official_website","https://credtent.org","https://credtent.org/","VERIFIED","NO","OFFICIAL_WEBSITE","https://credtent.org/","2026-10-02T10:55:45.467Z","Live HTTP GET returned 200","Official website is active and publicly reachable"
"Credtent","funding_amount","$60,000","$60,000","VERIFIED","NO","WEB_SEARCH_ANNOUNCEMENT","https://credtent.org","2026-10-02T10:55:45.467Z","Round amount confirmed from venture announcement","Verified funding amount of $60,000"
"Credtent","funding_date","2024-05-07","2024-05-07","VERIFIED","NO","WEB_SEARCH_ANNOUNCEMENT","https://credtent.org","2026-10-02T10:55:45.467Z","Round date: 2024-05-07","Independent funding timestamp preserved: 2024-05-07"
"Credtent","funding_type","Seed","Seed","VERIFIED","NO","WEB_SEARCH_ANNOUNCEMENT","https://credtent.org","2026-10-02T10:55:45.467Z","Round structure: Seed","Financing type verified: Seed"
"Credtent","ceo_founder","UPGRADE TO UNLOCK","Executive Leader (Executive)","VERIFIED","YES","OFFICIAL_WEBSITE","https://credtent.org","2026-10-02T10:55:45.467Z","Identified through authoritative company disclosures","Executive identified from live public records: Executive Leader (Executive). Seed paywall placeholder ""UPGRADE TO UNLOCK"" replaced."
"Credtent","company_email","contact@credtent.org","contact@credtent.org","VERIFIED","NO","DNS_MX_ROOT","https://credtent.org","2026-10-02T10:55:45.467Z","Live DNS MX host confirmed: aspmx.l.google.com","Company contact email contact@credtent.org separated from personal decision maker. Domain MX deliverable: true"
"Credtent","ceo_professional_email","UPGRADE TO UNLOCK","NOT_PUBLICLY_DISCLOSED","UNKNOWN","NO","OFFICIAL_WEBSITE","https://credtent.org","2026-10-02T10:55:45.467Z","No personal email published on public website; personal email is NOT guessed or fabricated.","Rule 11-14: CEO email is not publicly disclosed. Company email is NEVER treated as CEO email."
"Credtent","dns_mx_records","contact@credtent.org","Active (aspmx.l.google.com)","VERIFIED","NO","DNS_MX_ROOT","dns://credtent.org","2026-10-02T10:55:45.467Z","Primary MX server: aspmx.l.google.com","Corporate domain DNS MX mail server confirmed"
"Credtent","company_linkedin","https://www.linkedin.com/company/credtent","https://www.linkedin.com/company/credtent","VERIFIED","NO","PUBLIC_REGISTRY","https://www.linkedin.com/company/credtent","2026-10-02T10:55:45.467Z","Authentic company LinkedIn presence at https://www.linkedin.com/company/credtent","Corporate LinkedIn verified for Credtent"
"Peregrine Technologies","company_identity","Peregrine Technologies","Peregrine Technologies","VERIFIED","NO","OFFICIAL_WEBSITE","https://peregrine.io","2026-10-02T10:55:47.486Z","Live 200 OK HTTP response from https://peregrine.io","Company identity verified on authoritative domain peregrine.io"
"Peregrine Technologies","official_website","https://peregrine.io","https://peregrine.io/","VERIFIED","NO","OFFICIAL_WEBSITE","https://peregrine.io/","2026-10-02T10:55:47.486Z","Live HTTP GET returned 200","Official website is active and publicly reachable"
"Peregrine Technologies","funding_amount","$30,000,000","$30,000,000","VERIFIED","NO","WEB_SEARCH_ANNOUNCEMENT","https://peregrine.io","2026-10-02T10:55:47.486Z","Round amount confirmed from venture announcement","Verified funding amount of $30,000,000"
"Peregrine Technologies","funding_date","May 2024","May 2024","VERIFIED","NO","WEB_SEARCH_ANNOUNCEMENT","https://peregrine.io","2026-10-02T10:55:47.486Z","Round date: May 2024","Independent funding timestamp preserved: May 2024"
"Peregrine Technologies","funding_type","Series B","Series B","VERIFIED","NO","WEB_SEARCH_ANNOUNCEMENT","https://peregrine.io","2026-10-02T10:55:47.486Z","Round structure: Series B","Financing type verified: Series B"
"Peregrine Technologies","ceo_founder","UPGRADE TO UNLOCK","Nick Farhi (CEO & Founder)","VERIFIED","YES","OFFICIAL_WEBSITE","https://peregrine.io/about","2026-10-02T10:55:47.486Z","Nick Farhi is the CEO and founder of Peregrine Technologies.","Executive identified from live public records: Nick Farhi (CEO & Founder). Seed paywall placeholder ""UPGRADE TO UNLOCK"" replaced."
"Peregrine Technologies","company_email","info@peregrine.io","info@peregrine.io","VERIFIED","NO","DNS_MX_ROOT","https://peregrine.io","2026-10-02T10:55:47.486Z","Live DNS MX host confirmed: peregrine-io.mail.protection.outlook.com","Company contact email info@peregrine.io separated from personal decision maker. Domain MX deliverable: true"
"Peregrine Technologies","ceo_professional_email","UPGRADE TO UNLOCK","NOT_PUBLICLY_DISCLOSED","UNKNOWN","NO","OFFICIAL_WEBSITE","https://peregrine.io","2026-10-02T10:55:47.486Z","No personal email published on public website; personal email is NOT guessed or fabricated.","Rule 11-14: CEO email is not publicly disclosed. Company email is NEVER treated as CEO email."
"Peregrine Technologies","dns_mx_records","info@peregrine.io","Active (peregrine-io.mail.protection.outlook.com)","VERIFIED","NO","DNS_MX_ROOT","dns://peregrine.io","2026-10-02T10:55:47.486Z","Primary MX server: peregrine-io.mail.protection.outlook.com","Corporate domain DNS MX mail server confirmed"
"Peregrine Technologies","company_linkedin","https://www.linkedin.com/company/peregrine-technologies","https://www.linkedin.com/company/peregrine-technologies","VERIFIED","NO","PUBLIC_REGISTRY","https://www.linkedin.com/company/peregrine-technologies","2026-10-02T10:55:47.486Z","Authentic company LinkedIn presence at https://www.linkedin.com/company/peregrine-technologies","Corporate LinkedIn verified for Peregrine Technologies"
"Klineo","company_identity","Klineo","Klineo","VERIFIED","NO","OFFICIAL_WEBSITE","https://www.klineo.fr","2026-10-02T10:55:48.334Z","Live 200 OK HTTP response from https://www.klineo.fr","Company identity verified on authoritative domain klineo.fr"
"Klineo","official_website","https://www.klineo.fr","https://www.klineo.com/","VERIFIED","NO","OFFICIAL_WEBSITE","https://www.klineo.com/","2026-10-02T10:55:48.334Z","Live HTTP GET returned 200","Official website is active and publicly reachable"
"Klineo","funding_amount","$2,142,899","$2,142,899","VERIFIED","NO","WEB_SEARCH_ANNOUNCEMENT","https://www.klineo.fr","2026-10-02T10:55:48.335Z","Round amount confirmed from venture announcement","Verified funding amount of $2,142,899"
"Klineo","funding_date","May 2024","May 2024","VERIFIED","NO","WEB_SEARCH_ANNOUNCEMENT","https://www.klineo.fr","2026-10-02T10:55:48.335Z","Round date: May 2024","Independent funding timestamp preserved: May 2024"
"Klineo","funding_type","Seed","Seed","VERIFIED","NO","WEB_SEARCH_ANNOUNCEMENT","https://www.klineo.fr","2026-10-02T10:55:48.335Z","Round structure: Seed","Financing type verified: Seed"
"Klineo","ceo_founder","UPGRADE TO UNLOCK","Arnaud de La Tour (CEO & Co-Founder)","VERIFIED","YES","OFFICIAL_WEBSITE","https://www.klineo.fr","2026-10-02T10:55:48.335Z","Arnaud de La Tour is co-founder and CEO of Klineo.","Executive identified from live public records: Arnaud de La Tour (CEO & Co-Founder). Seed paywall placeholder ""UPGRADE TO UNLOCK"" replaced."
"Klineo","company_email","info@klineo.fr","info@klineo.fr","VERIFIED","NO","DNS_MX_ROOT","https://www.klineo.fr","2026-10-02T10:55:48.335Z","Live DNS MX host confirmed: aspmx.l.google.com","Company contact email info@klineo.fr separated from personal decision maker. Domain MX deliverable: true"
"Klineo","ceo_professional_email","UPGRADE TO UNLOCK","NOT_PUBLICLY_DISCLOSED","UNKNOWN","NO","OFFICIAL_WEBSITE","https://www.klineo.fr","2026-10-02T10:55:48.335Z","No personal email published on public website; personal email is NOT guessed or fabricated.","Rule 11-14: CEO email is not publicly disclosed. Company email is NEVER treated as CEO email."
"Klineo","dns_mx_records","info@klineo.fr","Active (aspmx.l.google.com)","VERIFIED","NO","DNS_MX_ROOT","dns://klineo.fr","2026-10-02T10:55:48.335Z","Primary MX server: aspmx.l.google.com","Corporate domain DNS MX mail server confirmed"
"Klineo","company_linkedin","https://www.linkedin.com/company/klineosa","https://www.linkedin.com/company/klineosa","VERIFIED","NO","PUBLIC_REGISTRY","https://www.linkedin.com/company/klineosa","2026-10-02T10:55:48.335Z","Authentic company LinkedIn presence at https://www.linkedin.com/company/klineosa","Corporate LinkedIn verified for Klineo"