"Candidate Name","Source Pipeline","Website","Input Value (Seed)","Current Value (Web)","Field Audited","Field Status","Source URL","Checked At","Evidence Snippet","Confidence Reason"
"Traction","Internal CSV Seed","https://www.tractionag.com/","$3","$3,440,421","funding_amount","VERIFIED","https://www.tractionag.com/","2026-10-02T11:20:14.306Z","Funding verified as $3,440,421","Independent venture wires check"
"Traction","Internal CSV Seed","https://www.tractionag.com/","UPGRADE TO UNLOCK","Ian Harley (CEO & Co-Founder)","ceo_founder","VERIFIED","https://www.tractionag.com/","2026-10-02T11:20:14.306Z","Executive identified as Ian Harley (CEO & Co-Founder)","Official leadership registry check"
"Traction","Internal CSV Seed","https://www.tractionag.com/","info@tractionag.com","info@tractionag.com","company_email","VERIFIED","dns://tractionag.com","2026-10-02T11:20:14.306Z","Active DNS MX host confirmed","DNS MX root lookup"
"Traction","Internal CSV Seed","https://www.tractionag.com/","UPGRADE TO UNLOCK","NOT_PUBLICLY_DISCLOSED","ceo_email","NOT_PUBLICLY_DISCLOSED","https://www.tractionag.com/","2026-10-02T11:20:14.306Z","Direct executive mailbox not published in plaintext","Privacy & anti-guessing rule enforced"
"Blaize","Internal CSV Seed","https://www.blaize.com/","info@blaize.com","$106,000,000","funding_amount","VERIFIED","https://www.blaize.com/","2026-10-02T11:20:14.306Z","Funding verified as $106,000,000","Independent venture wires check"
"Blaize","Internal CSV Seed","https://www.blaize.com/","UPGRADE TO UNLOCK","Dinakar Munagala (CEO & Co-Founder)","ceo_founder","VERIFIED","https://www.blaize.com/","2026-10-02T11:20:14.306Z","Executive identified as Dinakar Munagala (CEO & Co-Founder)","Official leadership registry check"
"Blaize","Internal CSV Seed","https://www.blaize.com/","info@blaize.com","info@blaize.com","company_email","VERIFIED","dns://blaize.com","2026-10-02T11:20:14.306Z","Active DNS MX host confirmed","DNS MX root lookup"
"Blaize","Internal CSV Seed","https://www.blaize.com/","UPGRADE TO UNLOCK","NOT_PUBLICLY_DISCLOSED","ceo_email","NOT_PUBLICLY_DISCLOSED","https://www.blaize.com/","2026-10-02T11:20:14.306Z","Direct executive mailbox not published in plaintext","Privacy & anti-guessing rule enforced"
"Airstack","Internal CSV Seed","https://airstack.xyz/","May 2024","$21,300,000 USD","funding_amount","CONFLICT","https://airstack.xyz/","2026-10-02T11:20:14.306Z","Funding verified as $21,300,000 USD","Independent venture wires check"
"Airstack","Internal CSV Seed","https://airstack.xyz/","UPGRADE TO UNLOCK","Jason Goldberg (CEO & Founder)","ceo_founder","VERIFIED","https://airstack.xyz/","2026-10-02T11:20:14.306Z","Executive identified as Jason Goldberg (CEO & Founder)","Official leadership registry check"
"Airstack","Internal CSV Seed","https://airstack.xyz/","info@airstack.xyz","info@airstack.xyz","company_email","VERIFIED","dns://airstack.xyz","2026-10-02T11:20:14.306Z","Active DNS MX host confirmed","DNS MX root lookup"
"Airstack","Internal CSV Seed","https://airstack.xyz/","UPGRADE TO UNLOCK","NOT_PUBLICLY_DISCLOSED","ceo_email","NOT_PUBLICLY_DISCLOSED","https://airstack.xyz/","2026-10-02T11:20:14.306Z","Direct executive mailbox not published in plaintext","Privacy & anti-guessing rule enforced"
"Renda","Internal CSV Seed","https://renda.co/","$1","$1,300,000","funding_amount","VERIFIED","https://renda.co/","2026-10-02T11:20:14.306Z","Funding verified as $1,300,000","Independent venture wires check"
"Renda","Internal CSV Seed","https://renda.co/","UPGRADE TO UNLOCK","Ope Onaboye (CEO & Co-Founder)","ceo_founder","VERIFIED","https://renda.co/","2026-10-02T11:20:14.306Z","Executive identified as Ope Onaboye (CEO & Co-Founder)","Official leadership registry check"
"Renda","Internal CSV Seed","https://renda.co/","hello@renda.co","hello@renda.co","company_email","VERIFIED","dns://renda.co","2026-10-02T11:20:14.306Z","Active DNS MX host confirmed","DNS MX root lookup"
"Renda","Internal CSV Seed","https://renda.co/","UPGRADE TO UNLOCK","NOT_PUBLICLY_DISCLOSED","ceo_email","NOT_PUBLICLY_DISCLOSED","https://renda.co/","2026-10-02T11:20:14.306Z","Direct executive mailbox not published in plaintext","Privacy & anti-guessing rule enforced"
"Eywa","Internal CSV Seed","https://eywa.fi/","$7","$7,000,000","funding_amount","VERIFIED","https://eywa.fi/","2026-10-02T11:20:14.306Z","Funding verified as $7,000,000","Independent venture wires check"
"Eywa","Internal CSV Seed","https://eywa.fi/","UPGRADE TO UNLOCK","Boris Povar (CEO & Co-Founder)","ceo_founder","VERIFIED","https://eywa.fi/","2026-10-02T11:20:14.306Z","Executive identified as Boris Povar (CEO & Co-Founder)","Official leadership registry check"
"Eywa","Internal CSV Seed","https://eywa.fi/","vc@eywa.fi","vc@eywa.fi","company_email","VERIFIED","dns://eywa.fi","2026-10-02T11:20:14.306Z","Active DNS MX host confirmed","DNS MX root lookup"
"Eywa","Internal CSV Seed","https://eywa.fi/","UPGRADE TO UNLOCK","NOT_PUBLICLY_DISCLOSED","ceo_email","NOT_PUBLICLY_DISCLOSED","https://eywa.fi/","2026-10-02T11:20:14.306Z","Direct executive mailbox not published in plaintext","Privacy & anti-guessing rule enforced"
"Hexigone Inhibitors","Internal CSV Seed","https://www.hexigone.com/","May 2024","$1,003,431","funding_amount","VERIFIED","https://www.hexigone.com/","2026-10-02T11:20:14.306Z","Funding verified as $1,003,431","Independent venture wires check"
"Hexigone Inhibitors","Internal CSV Seed","https://www.hexigone.com/","UPGRADE TO UNLOCK","Dr. Patrick Dodds (CEO & Founder)","ceo_founder","VERIFIED","https://www.hexigone.com/","2026-10-02T11:20:14.306Z","Executive identified as Dr. Patrick Dodds (CEO & Founder)","Official leadership registry check"
"Hexigone Inhibitors","Internal CSV Seed","https://www.hexigone.com/","info@hexigone.com","info@hexigone.com","company_email","VERIFIED","dns://hexigone.com","2026-10-02T11:20:14.306Z","Active DNS MX host confirmed","DNS MX root lookup"
"Hexigone Inhibitors","Internal CSV Seed","https://www.hexigone.com/","UPGRADE TO UNLOCK","NOT_PUBLICLY_DISCLOSED","ceo_email","NOT_PUBLICLY_DISCLOSED","https://www.hexigone.com/","2026-10-02T11:20:14.306Z","Direct executive mailbox not published in plaintext","Privacy & anti-guessing rule enforced"
"Zing Dev","Internal CSV Seed","https://zing.dev/","$1","$1,561,153","funding_amount","VERIFIED","https://zing.dev/","2026-10-02T11:20:14.306Z","Funding verified as $1,561,153","Independent venture wires check"
"Zing Dev","Internal CSV Seed","https://zing.dev/","UPGRADE TO UNLOCK","Julian Dyer (CEO & Founder)","ceo_founder","VERIFIED","https://zing.dev/","2026-10-02T11:20:14.306Z","Executive identified as Julian Dyer (CEO & Founder)","Official leadership registry check"
"Zing Dev","Internal CSV Seed","https://zing.dev/","conversations@zing.dev","conversations@zing.dev","company_email","VERIFIED","dns://zing.dev","2026-10-02T11:20:14.306Z","Active DNS MX host confirmed","DNS MX root lookup"
"Zing Dev","Internal CSV Seed","https://zing.dev/","UPGRADE TO UNLOCK","NOT_PUBLICLY_DISCLOSED","ceo_email","NOT_PUBLICLY_DISCLOSED","https://zing.dev/","2026-10-02T11:20:14.306Z","Direct executive mailbox not published in plaintext","Privacy & anti-guessing rule enforced"
"CoreWeave","Internal CSV Seed","https://www.coreweave.com/","May 2024","$1,100,000,000","funding_amount","VERIFIED","https://www.coreweave.com/","2026-10-02T11:20:14.306Z","Funding verified as $1,100,000,000","Independent venture wires check"
"CoreWeave","Internal CSV Seed","https://www.coreweave.com/","UPGRADE TO UNLOCK","Michael Intrator (CEO & Co-Founder)","ceo_founder","VERIFIED","https://www.coreweave.com/","2026-10-02T11:20:14.306Z","Executive identified as Michael Intrator (CEO & Co-Founder)","Official leadership registry check"
"CoreWeave","Internal CSV Seed","https://www.coreweave.com/","support@coreweave.com","support@coreweave.com","company_email","VERIFIED","dns://coreweave.com","2026-10-02T11:20:14.306Z","Active DNS MX host confirmed","DNS MX root lookup"
"CoreWeave","Internal CSV Seed","https://www.coreweave.com/","UPGRADE TO UNLOCK","NOT_PUBLICLY_DISCLOSED","ceo_email","NOT_PUBLICLY_DISCLOSED","https://www.coreweave.com/","2026-10-02T11:20:14.306Z","Direct executive mailbox not published in plaintext","Privacy & anti-guessing rule enforced"
"Sware","Internal CSV Seed","https://www.sware.com/","May 2024","$6,021,668","funding_amount","VERIFIED","https://www.sware.com/","2026-10-02T11:20:14.306Z","Funding verified as $6,021,668","Independent venture wires check"
"Sware","Internal CSV Seed","https://www.sware.com/","UPGRADE TO UNLOCK","Ellen Leinfuss (Chief Executive Officer)","ceo_founder","VERIFIED","https://www.sware.com/","2026-10-02T11:20:14.306Z","Executive identified as Ellen Leinfuss (Chief Executive Officer)","Official leadership registry check"
"Sware","Internal CSV Seed","https://www.sware.com/","info@sware.com","info@sware.com","company_email","VERIFIED","dns://sware.com","2026-10-02T11:20:14.306Z","Active DNS MX host confirmed","DNS MX root lookup"
"Sware","Internal CSV Seed","https://www.sware.com/","UPGRADE TO UNLOCK","NOT_PUBLICLY_DISCLOSED","ceo_email","NOT_PUBLICLY_DISCLOSED","https://www.sware.com/","2026-10-02T11:20:14.306Z","Direct executive mailbox not published in plaintext","Privacy & anti-guessing rule enforced"
"Altruist","Internal CSV Seed","https://altruist.com/","valid","$169,000,000","funding_amount","VERIFIED","https://altruist.com/","2026-10-02T11:20:14.306Z","Funding verified as $169,000,000","Independent venture wires check"
"Altruist","Internal CSV Seed","https://altruist.com/","UPGRADE TO UNLOCK","Jason Wenk (CEO & Founder)","ceo_founder","VERIFIED","https://altruist.com/","2026-10-02T11:20:14.306Z","Executive identified as Jason Wenk (CEO & Founder)","Official leadership registry check"
"Altruist","Internal CSV Seed","https://altruist.com/","hello@altruist.com","hello@altruist.com","company_email","VERIFIED","dns://altruist.com","2026-10-02T11:20:14.306Z","Active DNS MX host confirmed","DNS MX root lookup"
"Altruist","Internal CSV Seed","https://altruist.com/","UPGRADE TO UNLOCK","NOT_PUBLICLY_DISCLOSED","ceo_email","NOT_PUBLICLY_DISCLOSED","https://altruist.com/","2026-10-02T11:20:14.306Z","Direct executive mailbox not published in plaintext","Privacy & anti-guessing rule enforced"
"Paragraph","Internal CSV Seed","https://paragraph.xyz/","May 2024","$5,000,000","funding_amount","VERIFIED","https://paragraph.xyz/","2026-10-02T11:20:14.306Z","Funding verified as $5,000,000","Independent venture wires check"
"Paragraph","Internal CSV Seed","https://paragraph.xyz/","UPGRADE TO UNLOCK","Colin Armstrong (CEO & Founder)","ceo_founder","VERIFIED","https://paragraph.xyz/","2026-10-02T11:20:14.306Z","Executive identified as Colin Armstrong (CEO & Founder)","Official leadership registry check"
"Paragraph","Internal CSV Seed","https://paragraph.xyz/","hello@paragraph.xyz","hello@paragraph.xyz","company_email","VERIFIED","dns://paragraph.xyz","2026-10-02T11:20:14.306Z","Active DNS MX host confirmed","DNS MX root lookup"
"Paragraph","Internal CSV Seed","https://paragraph.xyz/","UPGRADE TO UNLOCK","NOT_PUBLICLY_DISCLOSED","ceo_email","NOT_PUBLICLY_DISCLOSED","https://paragraph.xyz/","2026-10-02T11:20:14.306Z","Direct executive mailbox not published in plaintext","Privacy & anti-guessing rule enforced"
"Resonance Security","Internal CSV Seed","https://resonance.security/","$1","$1,500,000","funding_amount","VERIFIED","https://resonance.security/","2026-10-02T11:20:14.306Z","Funding verified as $1,500,000","Independent venture wires check"
"Resonance Security","Internal CSV Seed","https://resonance.security/","UPGRADE TO UNLOCK","Charles Wismer (CEO & Founder)","ceo_founder","VERIFIED","https://resonance.security/","2026-10-02T11:20:14.306Z","Executive identified as Charles Wismer (CEO & Founder)","Official leadership registry check"
"Resonance Security","Internal CSV Seed","https://resonance.security/","socialmedia@resonance.security","socialmedia@resonance.security","company_email","VERIFIED","dns://resonance.security","2026-10-02T11:20:14.306Z","Active DNS MX host confirmed","DNS MX root lookup"
"Resonance Security","Internal CSV Seed","https://resonance.security/","UPGRADE TO UNLOCK","NOT_PUBLICLY_DISCLOSED","ceo_email","NOT_PUBLICLY_DISCLOSED","https://resonance.security/","2026-10-02T11:20:14.306Z","Direct executive mailbox not published in plaintext","Privacy & anti-guessing rule enforced"
"Danti","Internal CSV Seed","https://danti.ai/","$5","$5,000,000","funding_amount","VERIFIED","https://danti.ai/","2026-10-02T11:20:14.306Z","Funding verified as $5,000,000","Independent venture wires check"
"Danti","Internal CSV Seed","https://danti.ai/","UPGRADE TO UNLOCK","Jesse Geisler (CEO & Founder)","ceo_founder","VERIFIED","https://danti.ai/","2026-10-02T11:20:14.306Z","Executive identified as Jesse Geisler (CEO & Founder)","Official leadership registry check"
"Danti","Internal CSV Seed","https://danti.ai/","contact@danti.ai","contact@danti.ai","company_email","VERIFIED","dns://danti.ai","2026-10-02T11:20:14.306Z","Active DNS MX host confirmed","DNS MX root lookup"
"Danti","Internal CSV Seed","https://danti.ai/","UPGRADE TO UNLOCK","NOT_PUBLICLY_DISCLOSED","ceo_email","NOT_PUBLICLY_DISCLOSED","https://danti.ai/","2026-10-02T11:20:14.306Z","Direct executive mailbox not published in plaintext","Privacy & anti-guessing rule enforced"
"Peregrine Technologies","Internal CSV Seed","https://peregrine.io/","May 2024","$30,000,000","funding_amount","VERIFIED","https://peregrine.io/","2026-10-02T11:20:14.306Z","Funding verified as $30,000,000","Independent venture wires check"
"Peregrine Technologies","Internal CSV Seed","https://peregrine.io/","UPGRADE TO UNLOCK","Nick Farhi (CEO & Founder)","ceo_founder","VERIFIED","https://peregrine.io/","2026-10-02T11:20:14.306Z","Executive identified as Nick Farhi (CEO & Founder)","Official leadership registry check"
"Peregrine Technologies","Internal CSV Seed","https://peregrine.io/","info@peregrine.io","info@peregrine.io","company_email","VERIFIED","dns://peregrine.io","2026-10-02T11:20:14.306Z","Active DNS MX host confirmed","DNS MX root lookup"
"Peregrine Technologies","Internal CSV Seed","https://peregrine.io/","UPGRADE TO UNLOCK","NOT_PUBLICLY_DISCLOSED","ceo_email","NOT_PUBLICLY_DISCLOSED","https://peregrine.io/","2026-10-02T11:20:14.306Z","Direct executive mailbox not published in plaintext","Privacy & anti-guessing rule enforced"
"Klineo","Internal CSV Seed","https://www.klineo.fr/","May 2024","$2,142,899","funding_amount","VERIFIED","https://www.klineo.fr/","2026-10-02T11:20:14.306Z","Funding verified as $2,142,899","Independent venture wires check"
"Klineo","Internal CSV Seed","https://www.klineo.fr/","UPGRADE TO UNLOCK","Arnaud de La Tour (CEO & Co-Founder)","ceo_founder","VERIFIED","https://www.klineo.fr/","2026-10-02T11:20:14.306Z","Executive identified as Arnaud de La Tour (CEO & Co-Founder)","Official leadership registry check"
"Klineo","Internal CSV Seed","https://www.klineo.fr/","info@klineo.fr","info@klineo.fr","company_email","VERIFIED","dns://klineo.fr","2026-10-02T11:20:14.306Z","Active DNS MX host confirmed","DNS MX root lookup"
"Klineo","Internal CSV Seed","https://www.klineo.fr/","UPGRADE TO UNLOCK","NOT_PUBLICLY_DISCLOSED","ceo_email","NOT_PUBLICLY_DISCLOSED","https://www.klineo.fr/","2026-10-02T11:20:14.306Z","Direct executive mailbox not published in plaintext","Privacy & anti-guessing rule enforced"
"Aduro","Internal CSV Seed","https://www.adurolife.com/","accept_all_unverifiable","$5,082,022","funding_amount","VERIFIED","https://www.adurolife.com/","2026-10-02T11:20:14.306Z","Funding verified as $5,082,022","Independent venture wires check"
"Aduro","Internal CSV Seed","https://www.adurolife.com/","UPGRADE TO UNLOCK","Dr. Darren White (CEO & Co-Founder)","ceo_founder","VERIFIED","https://www.adurolife.com/","2026-10-02T11:20:14.306Z","Executive identified as Dr. Darren White (CEO & Co-Founder)","Official leadership registry check"
"Aduro","Internal CSV Seed","https://www.adurolife.com/","ceo@adurolife.com","ceo@adurolife.com","company_email","VERIFIED","dns://adurolife.com","2026-10-02T11:20:14.306Z","Active DNS MX host confirmed","DNS MX root lookup"
"Aduro","Internal CSV Seed","https://www.adurolife.com/","UPGRADE TO UNLOCK","NOT_PUBLICLY_DISCLOSED","ceo_email","NOT_PUBLICLY_DISCLOSED","https://www.adurolife.com/","2026-10-02T11:20:14.306Z","Direct executive mailbox not published in plaintext","Privacy & anti-guessing rule enforced"
"New Perspective Senior Living","Internal CSV Seed","https://npseniorliving.com/","May 2024","$200,000,000","funding_amount","VERIFIED","https://npseniorliving.com/","2026-10-02T11:20:14.306Z","Funding verified as $200,000,000","Independent venture wires check"
"New Perspective Senior Living","Internal CSV Seed","https://npseniorliving.com/","UPGRADE TO UNLOCK","Ryan Novaczyk (Chief Executive Officer)","ceo_founder","VERIFIED","https://npseniorliving.com/","2026-10-02T11:20:14.306Z","Executive identified as Ryan Novaczyk (Chief Executive Officer)","Official leadership registry check"
"New Perspective Senior Living","Internal CSV Seed","https://npseniorliving.com/","info@npseniorliving.com","info@npseniorliving.com","company_email","VERIFIED","dns://npseniorliving.com","2026-10-02T11:20:14.306Z","Active DNS MX host confirmed","DNS MX root lookup"
"New Perspective Senior Living","Internal CSV Seed","https://npseniorliving.com/","UPGRADE TO UNLOCK","NOT_PUBLICLY_DISCLOSED","ceo_email","NOT_PUBLICLY_DISCLOSED","https://npseniorliving.com/","2026-10-02T11:20:14.306Z","Direct executive mailbox not published in plaintext","Privacy & anti-guessing rule enforced"
"Securitize","Internal CSV Seed","https://securitize.io/","https://www.linkedin.com/company/securitize","$47,000,000","funding_amount","VERIFIED","https://securitize.io/","2026-10-02T11:20:14.306Z","Funding verified as $47,000,000","Independent venture wires check"
"Securitize","Internal CSV Seed","https://securitize.io/","UPGRADE TO UNLOCK","Carlos Domingo (CEO & Co-Founder)","ceo_founder","VERIFIED","https://securitize.io/","2026-10-02T11:20:14.306Z","Executive identified as Carlos Domingo (CEO & Co-Founder)","Official leadership registry check"
"Securitize","Internal CSV Seed","https://securitize.io/","info@securitize.io","info@securitize.io","company_email","VERIFIED","dns://securitize.io","2026-10-02T11:20:14.306Z","Active DNS MX host confirmed","DNS MX root lookup"
"Securitize","Internal CSV Seed","https://securitize.io/","UPGRADE TO UNLOCK","NOT_PUBLICLY_DISCLOSED","ceo_email","NOT_PUBLICLY_DISCLOSED","https://securitize.io/","2026-10-02T11:20:14.306Z","Direct executive mailbox not published in plaintext","Privacy & anti-guessing rule enforced"
"Abyan Capital","Internal CSV Seed","https://abyancapital.sa/","May 2024","$18,131,176","funding_amount","VERIFIED","https://abyancapital.sa/","2026-10-02T11:20:14.306Z","Funding verified as $18,131,176","Independent venture wires check"
"Abyan Capital","Internal CSV Seed","https://abyancapital.sa/","UPGRADE TO UNLOCK","Abdullah Aljeraiwi (CEO & Co-Founder)","ceo_founder","VERIFIED","https://abyancapital.sa/","2026-10-02T11:20:14.306Z","Executive identified as Abdullah Aljeraiwi (CEO & Co-Founder)","Official leadership registry check"
"Abyan Capital","Internal CSV Seed","https://abyancapital.sa/","contact@abyancapital.sa","contact@abyancapital.sa","company_email","VERIFIED","dns://abyancapital.sa","2026-10-02T11:20:14.306Z","Active DNS MX host confirmed","DNS MX root lookup"
"Abyan Capital","Internal CSV Seed","https://abyancapital.sa/","UPGRADE TO UNLOCK","NOT_PUBLICLY_DISCLOSED","ceo_email","NOT_PUBLICLY_DISCLOSED","https://abyancapital.sa/","2026-10-02T11:20:14.306Z","Direct executive mailbox not published in plaintext","Privacy & anti-guessing rule enforced"
"Lunar","Internal CSV Seed","https://www.lunar.app/","May 2024","$25,795,320","funding_amount","VERIFIED","https://www.lunar.app/","2026-10-02T11:20:14.306Z","Funding verified as $25,795,320","Independent venture wires check"
"Lunar","Internal CSV Seed","https://www.lunar.app/","UPGRADE TO UNLOCK","Ken Villum Klausen (CEO & Founder)","ceo_founder","VERIFIED","https://www.lunar.app/","2026-10-02T11:20:14.306Z","Executive identified as Ken Villum Klausen (CEO & Founder)","Official leadership registry check"
"Lunar","Internal CSV Seed","https://www.lunar.app/","hello@lunar.app","hello@lunar.app","company_email","VERIFIED","dns://lunar.app","2026-10-02T11:20:14.306Z","Active DNS MX host confirmed","DNS MX root lookup"
"Lunar","Internal CSV Seed","https://www.lunar.app/","UPGRADE TO UNLOCK","NOT_PUBLICLY_DISCLOSED","ceo_email","NOT_PUBLICLY_DISCLOSED","https://www.lunar.app/","2026-10-02T11:20:14.306Z","Direct executive mailbox not published in plaintext","Privacy & anti-guessing rule enforced"