"Company Name","Canonical Domain","Website Status","Funding Amount","Funding Date","Funding Type","Funding Status","CEO / Founder","Company Email","Company Email Has MX","CEO Professional Email","CEO Email Status","Company LinkedIn","CEO LinkedIn","Target Profile Verdict","Match %"
"Traction","tractionag.com","HTTP 200 OK","$3,440,421","May 2024","Venture - Series Unknown","VERIFIED","Ian Harley (CEO & Co-Founder)","info@tractionag.com","YES","NOT_PUBLICLY_DISCLOSED","NOT_PUBLICLY_DISCLOSED","https://www.linkedin.com/company/tractionag","https://www.linkedin.com/in/ianharley-tractionag","Qualified","80%"
"Blaize","blaize.com","HTTP 200 OK","$106,000,000","May 2024","Series D","VERIFIED","Dinakar Munagala (CEO & Co-Founder)","info@blaize.com","YES","NOT_PUBLICLY_DISCLOSED","NOT_PUBLICLY_DISCLOSED","https://www.linkedin.com/company/blaizeinc","https://www.linkedin.com/in/dinakar-munagala-4b5b7b","Rejected","63%"
"Airstack","airstack.xyz","HTTP 200 OK","$21,300,000 USD","May 2024","Series A","CONFLICT","Jason Goldberg (CEO & Founder)","info@airstack.xyz","YES","NOT_PUBLICLY_DISCLOSED","NOT_PUBLICLY_DISCLOSED","https://www.linkedin.com/company/airstack-xyz","https://www.linkedin.com/in/betashop","Under Review","67%"
"Renda","renda.co","HTTP 200 OK","$1,300,000","May 2024","Pre-Seed","VERIFIED","Ope Onaboye (CEO & Co-Founder)","hello@renda.co","YES","NOT_PUBLICLY_DISCLOSED","NOT_PUBLICLY_DISCLOSED","https://www.linkedin.com/company/rendahq","https://www.linkedin.com/in/ope-onaboye-19379654","Qualified","80%"
"Eywa","eywa.fi","HTTP 200 OK","$7,000,000","May 2024","Seed","VERIFIED","Boris Povar (CEO & Co-Founder)","vc@eywa.fi","YES","NOT_PUBLICLY_DISCLOSED","NOT_PUBLICLY_DISCLOSED","https://www.linkedin.com/company/eywa-protocol","https://www.linkedin.com/in/boris-povar","Qualified","80%"
"Hexigone Inhibitors","hexigone.com","HTTP 200 OK","$1,003,431","May 2024","Grant Financing","VERIFIED","Dr. Patrick Dodds (CEO & Founder)","info@hexigone.com","YES","NOT_PUBLICLY_DISCLOSED","NOT_PUBLICLY_DISCLOSED","https://www.linkedin.com/company/hexigone-inhibitors-ltd","https://www.linkedin.com/in/dr-patrick-dodds-6213075b","Rejected","67%"
"Zing Dev","zing.dev","HTTP 200 OK","$1,561,153","May 2024","Venture - Series Unknown","VERIFIED","Julian Dyer (CEO & Founder)","conversations@zing.dev","YES","NOT_PUBLICLY_DISCLOSED","NOT_PUBLICLY_DISCLOSED","https://www.linkedin.com/company/zing-dev","https://www.linkedin.com/in/juliandyer","Qualified","80%"
"CoreWeave","coreweave.com","HTTP 200 OK","$1,100,000,000","May 2024","Series C","VERIFIED","Michael Intrator (CEO & Co-Founder)","support@coreweave.com","YES","NOT_PUBLICLY_DISCLOSED","NOT_PUBLICLY_DISCLOSED","https://www.linkedin.com/company/coreweave","https://www.linkedin.com/in/michaelintrator","Rejected","63%"
"Sware","sware.com","HTTP 200 OK","$6,021,668","May 2024","Venture - Series Unknown","VERIFIED","Ellen Leinfuss (Chief Executive Officer)","info@sware.com","YES","NOT_PUBLICLY_DISCLOSED","NOT_PUBLICLY_DISCLOSED","https://www.linkedin.com/company/sware-by","https://www.linkedin.com/in/ellenleinfuss","Qualified","80%"
"Altruist","altruist.com","HTTP 200 OK","$169,000,000","May 2024","Series E","VERIFIED","Jason Wenk (CEO & Founder)","hello@altruist.com","YES","NOT_PUBLICLY_DISCLOSED","NOT_PUBLICLY_DISCLOSED","https://www.linkedin.com/company/altruistcorp","https://www.linkedin.com/in/jasonwenk","Rejected","63%"
"Paragraph","paragraph.xyz","HTTP 200 OK","$5,000,000","May 2024","Seed","VERIFIED","Colin Armstrong (CEO & Founder)","hello@paragraph.xyz","YES","NOT_PUBLICLY_DISCLOSED","NOT_PUBLICLY_DISCLOSED","https://www.linkedin.com/company/paragraph-xyz","https://www.linkedin.com/in/colinarmstrong","Qualified","80%"
"Resonance Security","resonance.security","HTTP 200 OK","$1,500,000","May 2024","Pre-Seed","VERIFIED","Charles Wismer (CEO & Founder)","socialmedia@resonance.security","YES","NOT_PUBLICLY_DISCLOSED","NOT_PUBLICLY_DISCLOSED","https://www.linkedin.com/company/resonance-security","https://www.linkedin.com/in/charles-wismer","Qualified","80%"
"Danti","danti.ai","HTTP 200 OK","$5,000,000","May 2024","Seed","VERIFIED","Jesse Geisler (CEO & Founder)","contact@danti.ai","YES","NOT_PUBLICLY_DISCLOSED","NOT_PUBLICLY_DISCLOSED","https://www.linkedin.com/company/dantiai","https://www.linkedin.com/in/jessegeisler","Qualified","80%"
"Peregrine Technologies","peregrine.io","HTTP 200 OK","$30,000,000","May 2024","Series B","VERIFIED","Nick Farhi (CEO & Founder)","info@peregrine.io","YES","NOT_PUBLICLY_DISCLOSED","NOT_PUBLICLY_DISCLOSED","https://www.linkedin.com/company/peregrine-technologies","https://www.linkedin.com/in/nick-farhi-2b810619","Rejected","63%"
"Klineo","klineo.fr","HTTP 200 OK","$2,142,899","May 2024","Seed","VERIFIED","Arnaud de La Tour (CEO & Co-Founder)","info@klineo.fr","YES","NOT_PUBLICLY_DISCLOSED","NOT_PUBLICLY_DISCLOSED","https://www.linkedin.com/company/klineo","https://www.linkedin.com/in/arnaud-de-la-tour-7218683","Qualified","80%"
"Aduro","adurolife.com","HTTP 200 OK","$5,082,022","May 2024","Venture - Series Unknown","VERIFIED","Dr. Darren White (CEO & Co-Founder)","ceo@adurolife.com","YES","NOT_PUBLICLY_DISCLOSED","NOT_PUBLICLY_DISCLOSED","https://www.linkedin.com/company/adurolife","https://www.linkedin.com/in/darren-white-aduro","Qualified","80%"
"New Perspective Senior Living","npseniorliving.com","HTTP 200 OK","$200,000,000","May 2024","Private Equity","VERIFIED","Ryan Novaczyk (Chief Executive Officer)","info@npseniorliving.com","YES","NOT_PUBLICLY_DISCLOSED","NOT_PUBLICLY_DISCLOSED","https://www.linkedin.com/company/1109387","https://www.linkedin.com/in/ryan-novaczyk","Rejected","50%"
"Securitize","securitize.io","HTTP 200 OK","$47,000,000","May 2024","Series B","VERIFIED","Carlos Domingo (CEO & Co-Founder)","info@securitize.io","YES","NOT_PUBLICLY_DISCLOSED","NOT_PUBLICLY_DISCLOSED","https://www.linkedin.com/company/securitize","https://www.linkedin.com/in/carlosdomingo","Rejected","63%"
"Abyan Capital","abyancapital.sa","HTTP 200 OK","$18,131,176","May 2024","Series A","VERIFIED","Abdullah Aljeraiwi (CEO & Co-Founder)","contact@abyancapital.sa","YES","NOT_PUBLICLY_DISCLOSED","NOT_PUBLICLY_DISCLOSED","https://www.linkedin.com/company/abyan-capital-sa","https://www.linkedin.com/in/aljeraiwi","Rejected","63%"
"Lunar","lunar.app","HTTP 200 OK","$25,795,320","May 2024","Venture - Series Unknown","VERIFIED","Ken Villum Klausen (CEO & Founder)","hello@lunar.app","YES","NOT_PUBLICLY_DISCLOSED","NOT_PUBLICLY_DISCLOSED","https://www.linkedin.com/company/lunarbank","https://www.linkedin.com/in/kenvillumklausen","Rejected","50%"