Name,URL,Description,Industry,B2B or B2C,City,Country,Twitter (X),LinkedIn,Contact Email,Email Status,Funding Date,Funding Amount (in USD),Funding Type,CEO Name,CEO First Name,CEO Last Name,CEO Email,CEO Email Status,CEO Twitter (X),CEO Linkedin,Link to Funding Announcement,Number of Employees,Founding Year,Technologies,Monthly Website Visits,Monthly Website Visits Growth
Traction,https://www.tractionag.com,Traction offers a farm management software company that helps minimize farm data entry.,Agriculture,B2B,Auburn,United States,https://twitter.com/traction_ag,https://www.linkedin.com/company/tractionag,info@tractionag.com,valid,May 2024,"$3,440,421",Venture - Series Unknown,UPGRADE TO UNLOCK,UPGRADE TO UNLOCK,UPGRADE TO UNLOCK,UPGRADE TO UNLOCK,UPGRADE TO UNLOCK,UPGRADE TO UNLOCK,UPGRADE TO UNLOCK,UPGRADE TO UNLOCK,UPGRADE TO UNLOCK,UPGRADE TO UNLOCK,UPGRADE TO UNLOCK,UPGRADE TO UNLOCK,UPGRADE TO UNLOCK
Blaize,https://www.blaize.com,"Blaize is an AI computing platforms company that develops products for the automotive, smart vision, and enterprise computing markets.","Artificial Intelligence, B2B Software",B2B,El Dorado Hills,United States,https://twitter.com/blaizeinc,https://www.linkedin.com/company/blaize-ai,info@blaize.com,valid,May 2024,"$106,000,000",Series D,UPGRADE TO UNLOCK,UPGRADE TO UNLOCK,UPGRADE TO UNLOCK,UPGRADE TO UNLOCK,UPGRADE TO UNLOCK,UPGRADE TO UNLOCK,UPGRADE TO UNLOCK,UPGRADE TO UNLOCK,UPGRADE TO UNLOCK,UPGRADE TO UNLOCK,UPGRADE TO UNLOCK,UPGRADE TO UNLOCK,UPGRADE TO UNLOCK
Airstack,https://airstack.xyz,Airstack is an artificial intelligence-powered platform that allows on-chain data across projects and blockchains.,"Artificial Intelligence, Blockchain",B2B,Miami Beach,United States,https://twitter.com/airstack_xyz,https://www.linkedin.com/company/airstack-xyz,info@airstack.xyz,valid,May 2024,"$4,000,000",Seed,UPGRADE TO UNLOCK,UPGRADE TO UNLOCK,UPGRADE TO UNLOCK,UPGRADE TO UNLOCK,UPGRADE TO UNLOCK,UPGRADE TO UNLOCK,UPGRADE TO UNLOCK,UPGRADE TO UNLOCK,UPGRADE TO UNLOCK,UPGRADE TO UNLOCK,UPGRADE TO UNLOCK,UPGRADE TO UNLOCK,UPGRADE TO UNLOCK
Renda,https://renda.co,Renda is to streamline and make the order fulfilment and retail distribution process easier for e-commerce enterprises.,B2B Software,B2B,Ikeja,Nigeria,https://twitter.com/rendaafrica,https://www.linkedin.com/company/rendaafrica,hello@renda.co,valid,May 2024,"$1,300,000",Pre-Seed,UPGRADE TO UNLOCK,UPGRADE TO UNLOCK,UPGRADE TO UNLOCK,UPGRADE TO UNLOCK,UPGRADE TO UNLOCK,UPGRADE TO UNLOCK,UPGRADE TO UNLOCK,UPGRADE TO UNLOCK,UPGRADE TO UNLOCK,UPGRADE TO UNLOCK,UPGRADE TO UNLOCK,UPGRADE TO UNLOCK,UPGRADE TO UNLOCK
Eywa,https://eywa.fi/,EYWA is a decentralized cross-chain liquidity & data protocol,Blockchain,B2B,Tórtola,Spain,https://twitter.com/eywaprotocol,https://www.linkedin.com/company/eywa-protocol,vc@eywa.fi,valid,May 2024,"$7,000,000",Seed,UPGRADE TO UNLOCK,UPGRADE TO UNLOCK,UPGRADE TO UNLOCK,UPGRADE TO UNLOCK,UPGRADE TO UNLOCK,UPGRADE TO UNLOCK,UPGRADE TO UNLOCK,UPGRADE TO UNLOCK,UPGRADE TO UNLOCK,UPGRADE TO UNLOCK,UPGRADE TO UNLOCK,UPGRADE TO UNLOCK,UPGRADE TO UNLOCK
Hexigone Inhibitors,https://www.hexigone.com/,Hexigone is an agile and progressive pigment company that works with multi-nationals to provide environmentally responsive coatings.,"Chemicals, Materials",B2B,Wales,United Kingdom,https://twitter.com/hexigone_ltd,https://www.linkedin.com/company/hexigone-inhibitors,info@hexigone.com,valid,May 2024,"$1,003,431",Venture - Series Unknown,UPGRADE TO UNLOCK,UPGRADE TO UNLOCK,UPGRADE TO UNLOCK,UPGRADE TO UNLOCK,UPGRADE TO UNLOCK,UPGRADE TO UNLOCK,UPGRADE TO UNLOCK,UPGRADE TO UNLOCK,UPGRADE TO UNLOCK,UPGRADE TO UNLOCK,UPGRADE TO UNLOCK,UPGRADE TO UNLOCK,UPGRADE TO UNLOCK
Zing Dev,https://zing.dev/,Zing Dev is a technology services business.,Cloud Computing,B2B,Stokenchurch,United Kingdom,https://twitter.com/zingdevs,https://www.linkedin.com/company/zing-dev/,conversations@zing.dev,valid,May 2024,"$1,561,153",Venture - Series Unknown,UPGRADE TO UNLOCK,UPGRADE TO UNLOCK,UPGRADE TO UNLOCK,UPGRADE TO UNLOCK,UPGRADE TO UNLOCK,UPGRADE TO UNLOCK,UPGRADE TO UNLOCK,UPGRADE TO UNLOCK,UPGRADE TO UNLOCK,UPGRADE TO UNLOCK,UPGRADE TO UNLOCK,UPGRADE TO UNLOCK,UPGRADE TO UNLOCK
CoreWeave,https://www.coreweave.com,CoreWeave is a cloud provider of large-scale GPU-accelerated workloads.,"Cloud Computing, B2B Software",B2B,Roseland,United States,https://twitter.com/CoreWeave,https://www.linkedin.com/company/coreweave,support@coreweave.com,valid,May 2024,"$1,100,000,000",Series C,UPGRADE TO UNLOCK,UPGRADE TO UNLOCK,UPGRADE TO UNLOCK,UPGRADE TO UNLOCK,UPGRADE TO UNLOCK,UPGRADE TO UNLOCK,UPGRADE TO UNLOCK,UPGRADE TO UNLOCK,UPGRADE TO UNLOCK,UPGRADE TO UNLOCK,UPGRADE TO UNLOCK,UPGRADE TO UNLOCK,UPGRADE TO UNLOCK
Sware,https://www.sware.com,Sware provides validation automation platform and managed services programs.,"Cloud Computing, B2B Software",B2B,Chelsea,United States,https://twitter.com/sware_by,https://www.linkedin.com/company/sware-by,info@sware.com,valid,May 2024,"$6,021,668",Venture - Series Unknown,UPGRADE TO UNLOCK,UPGRADE TO UNLOCK,UPGRADE TO UNLOCK,UPGRADE TO UNLOCK,UPGRADE TO UNLOCK,UPGRADE TO UNLOCK,UPGRADE TO UNLOCK,UPGRADE TO UNLOCK,UPGRADE TO UNLOCK,UPGRADE TO UNLOCK,UPGRADE TO UNLOCK,UPGRADE TO UNLOCK,UPGRADE TO UNLOCK
Altruist,https://altruist.com,Altruist is a digital investment platform that offers commission-free trading and financial advice to individuals.,"Cloud Computing, Sales, B2B Software",B2B,Culver City,United States,https://twitter.com/altruistcorp,https://www.linkedin.com/company/altruistcorp,hello@altruist.com,valid,May 2024,"$169,000,000",Series E,UPGRADE TO UNLOCK,UPGRADE TO UNLOCK,UPGRADE TO UNLOCK,UPGRADE TO UNLOCK,UPGRADE TO UNLOCK,UPGRADE TO UNLOCK,UPGRADE TO UNLOCK,UPGRADE TO UNLOCK,UPGRADE TO UNLOCK,UPGRADE TO UNLOCK,UPGRADE TO UNLOCK,UPGRADE TO UNLOCK,UPGRADE TO UNLOCK
Paragraph,https://paragraph.xyz/,Paragraph is a platform that allows creators to publish content-developed blogs and web3-native newsletters for communities.,"Community, Blockchain",B2B,San Francisco,United States,https://twitter.com/paragraph_xyz,https://www.linkedin.com/company/paragraph-xyz,hello@paragraph.xyz,accept_all_unverifiable,May 2024,"$5,000,000",Seed,UPGRADE TO UNLOCK,UPGRADE TO UNLOCK,UPGRADE TO UNLOCK,UPGRADE TO UNLOCK,UPGRADE TO UNLOCK,UPGRADE TO UNLOCK,UPGRADE TO UNLOCK,UPGRADE TO UNLOCK,UPGRADE TO UNLOCK,UPGRADE TO UNLOCK,UPGRADE TO UNLOCK,UPGRADE TO UNLOCK,UPGRADE TO UNLOCK
Resonance Security,https://resonance.security,We are a curated platform and concierge for end to end cybersecurity products and services,Cyber Security,B2B,New York,United States,https://twitter.com/resonancesec,https://www.linkedin.com/company/resonance-security/,socialmedia@resonance.security,valid,May 2024,"$1,500,000",Pre-Seed,UPGRADE TO UNLOCK,UPGRADE TO UNLOCK,UPGRADE TO UNLOCK,UPGRADE TO UNLOCK,UPGRADE TO UNLOCK,UPGRADE TO UNLOCK,UPGRADE TO UNLOCK,UPGRADE TO UNLOCK,UPGRADE TO UNLOCK,UPGRADE TO UNLOCK,UPGRADE TO UNLOCK,UPGRADE TO UNLOCK,UPGRADE TO UNLOCK
Danti,https://danti.ai,Search engine for all of Earth's data,Data,B2B,Atlanta,United States,https://twitter.com/danti_ai,https://www.linkedin.com/company/dantiai,contact@danti.ai,valid,May 2024,"$5,000,000",Seed,UPGRADE TO UNLOCK,UPGRADE TO UNLOCK,UPGRADE TO UNLOCK,UPGRADE TO UNLOCK,UPGRADE TO UNLOCK,UPGRADE TO UNLOCK,UPGRADE TO UNLOCK,UPGRADE TO UNLOCK,UPGRADE TO UNLOCK,UPGRADE TO UNLOCK,UPGRADE TO UNLOCK,UPGRADE TO UNLOCK,UPGRADE TO UNLOCK
Peregrine Technologies,https://peregrine.io,Peregrine provides a data integration platform that allows state and local government agencies to protect and serve their communities.,"Data, Community",B2B,San Francisco,United States,https://twitter.com/peregrine_ps,https://www.linkedin.com/company/peregrine-technologies,info@peregrine.io,valid,May 2024,"$30,000,000",Series B,UPGRADE TO UNLOCK,UPGRADE TO UNLOCK,UPGRADE TO UNLOCK,UPGRADE TO UNLOCK,UPGRADE TO UNLOCK,UPGRADE TO UNLOCK,UPGRADE TO UNLOCK,UPGRADE TO UNLOCK,UPGRADE TO UNLOCK,UPGRADE TO UNLOCK,UPGRADE TO UNLOCK,UPGRADE TO UNLOCK,UPGRADE TO UNLOCK
Klineo,https://www.klineo.fr,Klineo is a platform that provides an intuitive and intelligent clinical trial search for oncology patients and doctors.,"Data, Healthcare",B2B,Paris,France,https://twitter.com/klineo_fr,https://www.linkedin.com/company/klineosa,info@klineo.fr,valid,May 2024,"$2,142,899",Seed,UPGRADE TO UNLOCK,UPGRADE TO UNLOCK,UPGRADE TO UNLOCK,UPGRADE TO UNLOCK,UPGRADE TO UNLOCK,UPGRADE TO UNLOCK,UPGRADE TO UNLOCK,UPGRADE TO UNLOCK,UPGRADE TO UNLOCK,UPGRADE TO UNLOCK,UPGRADE TO UNLOCK,UPGRADE TO UNLOCK,UPGRADE TO UNLOCK
Aduro,https://www.adurolife.com,"Aduro provides coaching, biometrics and engagement health tech company.","Education, Healthcare",B2B,Redmond,United States,https://twitter.com/adurolife,https://www.linkedin.com/company/adurolife/,ceo@adurolife.com,accept_all_unverifiable,May 2024,"$5,082,022",Venture - Series Unknown,UPGRADE TO UNLOCK,UPGRADE TO UNLOCK,UPGRADE TO UNLOCK,UPGRADE TO UNLOCK,UPGRADE TO UNLOCK,UPGRADE TO UNLOCK,UPGRADE TO UNLOCK,UPGRADE TO UNLOCK,UPGRADE TO UNLOCK,UPGRADE TO UNLOCK,UPGRADE TO UNLOCK,UPGRADE TO UNLOCK,UPGRADE TO UNLOCK
New Perspective Senior Living,https://npseniorliving.com,New Perspective Senior Living is a hospital & health care company that offers independent living and memory care services.,"Family, Community",B2B,Minnetonka,United States,https://twitter.com/lifeonpurpose,https://www.linkedin.com/company/1109387,info@npseniorliving.com,valid,May 2024,"$200,000,000",Private Equity,UPGRADE TO UNLOCK,UPGRADE TO UNLOCK,UPGRADE TO UNLOCK,UPGRADE TO UNLOCK,UPGRADE TO UNLOCK,UPGRADE TO UNLOCK,UPGRADE TO UNLOCK,UPGRADE TO UNLOCK,UPGRADE TO UNLOCK,UPGRADE TO UNLOCK,UPGRADE TO UNLOCK,UPGRADE TO UNLOCK,UPGRADE TO UNLOCK
Securitize,https://securitize.io,"Securitize enables digital securities, which are easier to own, simpler to manage, and faster to trade.","Finance, Blockchain",B2C,San Francisco,United States,https://twitter.com/securitize,https://www.linkedin.com/company/securitize,info@securitize.io,valid,May 2024,"$47,000,000",Venture - Series Unknown,UPGRADE TO UNLOCK,UPGRADE TO UNLOCK,UPGRADE TO UNLOCK,UPGRADE TO UNLOCK,UPGRADE TO UNLOCK,UPGRADE TO UNLOCK,UPGRADE TO UNLOCK,UPGRADE TO UNLOCK,UPGRADE TO UNLOCK,UPGRADE TO UNLOCK,UPGRADE TO UNLOCK,UPGRADE TO UNLOCK,UPGRADE TO UNLOCK
Abyan Capital,https://abyancapital.sa/,Abyan Capital is a financial service company that provides an automated solution and portfolio management for long-term investments.,"Finance, Investing",B2B,Riyadh,Saudi Arabia,https://twitter.com/abyancapital,https://www.linkedin.com/company/abyan-capital-sa/,contact@abyancapital.sa,valid,May 2024,"$18,131,176",Series A,UPGRADE TO UNLOCK,UPGRADE TO UNLOCK,UPGRADE TO UNLOCK,UPGRADE TO UNLOCK,UPGRADE TO UNLOCK,UPGRADE TO UNLOCK,UPGRADE TO UNLOCK,UPGRADE TO UNLOCK,UPGRADE TO UNLOCK,UPGRADE TO UNLOCK,UPGRADE TO UNLOCK,UPGRADE TO UNLOCK,UPGRADE TO UNLOCK
Lunar,https://www.lunar.app,Lunar is a digital bank that offers a mobile-based banking app that helps consumers manage their personal finances.,"FinTech, Finance",B2B,Aarhus,Denmark,https://twitter.com/lunarmoney,https://www.linkedin.com/company/lunarbank,hello@lunar.app,valid,May 2024,"$25,795,320",Venture - Series Unknown,UPGRADE TO UNLOCK,UPGRADE TO UNLOCK,UPGRADE TO UNLOCK,UPGRADE TO UNLOCK,UPGRADE TO UNLOCK,UPGRADE TO UNLOCK,UPGRADE TO UNLOCK,UPGRADE TO UNLOCK,UPGRADE TO UNLOCK,UPGRADE TO UNLOCK,UPGRADE TO UNLOCK,UPGRADE TO UNLOCK,UPGRADE TO UNLOCK
Arbol,https://www.arbol.io/,Arbol is an InsurTech platform for parametric products that pay quickly and fairly covering external risks such as unexpected weather.,"FinTech, Finance, Blockchain, B2B Software",B2B,New York,United States,https://twitter.com/ArbolMarket,https://www.linkedin.com/company/arbolinc,info@arbolmarket.com,accept_all_unverifiable,May 2024,"$60,000,000",Series B,UPGRADE TO UNLOCK,UPGRADE TO UNLOCK,UPGRADE TO UNLOCK,UPGRADE TO UNLOCK,UPGRADE TO UNLOCK,UPGRADE TO UNLOCK,UPGRADE TO UNLOCK,UPGRADE TO UNLOCK,UPGRADE TO UNLOCK,UPGRADE TO UNLOCK,UPGRADE TO UNLOCK,UPGRADE TO UNLOCK,UPGRADE TO UNLOCK
AblePay Health,https://www.ablepayhealth.com,AblePay Health offers a simple solution to the large problem of the increasing cost of healthcare.,"Healthcare, Finance",B2B,Bethlehem,United States,https://twitter.com/ablepayhealth/,https://www.linkedin.com/company/ablepay-health/,support@ablepayhealth.com,valid,May 2024,"$11,280,094",Venture - Series Unknown,UPGRADE TO UNLOCK,UPGRADE TO UNLOCK,UPGRADE TO UNLOCK,UPGRADE TO UNLOCK,UPGRADE TO UNLOCK,UPGRADE TO UNLOCK,UPGRADE TO UNLOCK,UPGRADE TO UNLOCK,UPGRADE TO UNLOCK,UPGRADE TO UNLOCK,UPGRADE TO UNLOCK,UPGRADE TO UNLOCK,UPGRADE TO UNLOCK
Homemove,https://www.homemove.com,"A platform to research, choose and speak to the best moving services, all in one place - with a personal touch.",Home Services,B2C,Norwich,United Kingdom,https://twitter.com/wehomemove,https://www.linkedin.com/company/wehomemove/,hello@homemove.com,valid,May 2024,"$1,500,000",Seed,UPGRADE TO UNLOCK,UPGRADE TO UNLOCK,UPGRADE TO UNLOCK,UPGRADE TO UNLOCK,UPGRADE TO UNLOCK,UPGRADE TO UNLOCK,UPGRADE TO UNLOCK,UPGRADE TO UNLOCK,UPGRADE TO UNLOCK,UPGRADE TO UNLOCK,UPGRADE TO UNLOCK,UPGRADE TO UNLOCK,UPGRADE TO UNLOCK
Island,https://island.io,Island is a cybersecurity company that develops an enterprise browser to enhance security and productivity within corporate environments.,"Information Technology, Data",B2B,Dallas,United States,https://twitter.com/island_io,https://www.linkedin.com/company/island-io,info@island.io,valid,May 2024,"$175,000,000",Series D,UPGRADE TO UNLOCK,UPGRADE TO UNLOCK,UPGRADE TO UNLOCK,UPGRADE TO UNLOCK,UPGRADE TO UNLOCK,UPGRADE TO UNLOCK,UPGRADE TO UNLOCK,UPGRADE TO UNLOCK,UPGRADE TO UNLOCK,UPGRADE TO UNLOCK,UPGRADE TO UNLOCK,UPGRADE TO UNLOCK,UPGRADE TO UNLOCK
Ceartas DMCA,https://www.ceartas.io,Anti-piracy and privacy protection for content creators and brands via SaaS/.,"Legal, Artificial Intelligence, B2B Software, Cloud Computing",B2B,Dublin,Ireland,https://twitter.com/CeartasDMCA,https://www.linkedin.com/company/ceartasdmca,info@ceartas.io,valid,May 2024,"$4,500,000",Seed,UPGRADE TO UNLOCK,UPGRADE TO UNLOCK,UPGRADE TO UNLOCK,UPGRADE TO UNLOCK,UPGRADE TO UNLOCK,UPGRADE TO UNLOCK,UPGRADE TO UNLOCK,UPGRADE TO UNLOCK,UPGRADE TO UNLOCK,UPGRADE TO UNLOCK,UPGRADE TO UNLOCK,UPGRADE TO UNLOCK,UPGRADE TO UNLOCK
ElevatIQ Inc.,https://www.elevatiq.com/,"Digital Transformation, ERP, CRM, Consulting, Manufacturing, Distribution, Retail","Marketing, B2B Software",B2B,Buffalo,United States,https://twitter.com/elevatiq,https://www.linkedin.com/company/elevatiq,hello@elevatiq.com,valid,May 2024,"$551,180",Venture - Series Unknown,UPGRADE TO UNLOCK,UPGRADE TO UNLOCK,UPGRADE TO UNLOCK,UPGRADE TO UNLOCK,UPGRADE TO UNLOCK,UPGRADE TO UNLOCK,UPGRADE TO UNLOCK,UPGRADE TO UNLOCK,UPGRADE TO UNLOCK,UPGRADE TO UNLOCK,UPGRADE TO UNLOCK,UPGRADE TO UNLOCK,UPGRADE TO UNLOCK
Unicorn Auctions,https://www.unicornauctions.com,"Unicorn Auctions is an auction house for rare spirits that offers to buyers, sellers, and collectors.",Marketplace,B2C,Chicago,United States,https://twitter.com/AuctionsUnicorn/,https://www.linkedin.com/company/unicorn-auctions-llc/,info@unicornauctions.com,valid,May 2024,"$5,800,000",Seed,UPGRADE TO UNLOCK,UPGRADE TO UNLOCK,UPGRADE TO UNLOCK,UPGRADE TO UNLOCK,UPGRADE TO UNLOCK,UPGRADE TO UNLOCK,UPGRADE TO UNLOCK,UPGRADE TO UNLOCK,UPGRADE TO UNLOCK,UPGRADE TO UNLOCK,UPGRADE TO UNLOCK,UPGRADE TO UNLOCK,UPGRADE TO UNLOCK
Reunion Neuroscience,https://reunionneuro.com,Reunion Neuroscience is a clinical-stage pharmaceutical company developing therapeutic solutions for underserved mental health conditions.,"Mental Health, Wellness",B2B,Toronto,Canada,https://twitter.com/ReunionNeuro,https://www.linkedin.com/company/reunionneuro,investors@reunionneuro.com,unknown,May 2024,"$103,000,000",Series A,UPGRADE TO UNLOCK,UPGRADE TO UNLOCK,UPGRADE TO UNLOCK,UPGRADE TO UNLOCK,UPGRADE TO UNLOCK,UPGRADE TO UNLOCK,UPGRADE TO UNLOCK,UPGRADE TO UNLOCK,UPGRADE TO UNLOCK,UPGRADE TO UNLOCK,UPGRADE TO UNLOCK,UPGRADE TO UNLOCK,UPGRADE TO UNLOCK
PharmEasy,https://pharmeasy.in,PharmEasy is an online health service that connects users to local pharmacies and labs for medicine delivery and diagnostic services.,Pharmaceuticals,B2B,Mumbai,India,https://twitter.com/pharmeasyapp,https://www.linkedin.com/company/pharmeasy,care@pharmeasy.in,valid,May 2024,"$216,191,724",Venture - Series Unknown,UPGRADE TO UNLOCK,UPGRADE TO UNLOCK,UPGRADE TO UNLOCK,UPGRADE TO UNLOCK,UPGRADE TO UNLOCK,UPGRADE TO UNLOCK,UPGRADE TO UNLOCK,UPGRADE TO UNLOCK,UPGRADE TO UNLOCK,UPGRADE TO UNLOCK,UPGRADE TO UNLOCK,UPGRADE TO UNLOCK,UPGRADE TO UNLOCK
Accredit Solutions,https://www.accredit-solutions.com/,"Accredit Solutions creates award-winning accrediting solutions for some of the world's most prestigious organizations, venues and events.","Sports, Hospitality",B2B,London,United Kingdom,https://twitter.com/accredit_sols,https://www.linkedin.com/company/accredit-solutions/,info@accredit-solutions.com,valid,May 2024,"$12,529,632",Private Equity,UPGRADE TO UNLOCK,UPGRADE TO UNLOCK,UPGRADE TO UNLOCK,UPGRADE TO UNLOCK,UPGRADE TO UNLOCK,UPGRADE TO UNLOCK,UPGRADE TO UNLOCK,UPGRADE TO UNLOCK,UPGRADE TO UNLOCK,UPGRADE TO UNLOCK,UPGRADE TO UNLOCK,UPGRADE TO UNLOCK,UPGRADE TO UNLOCK
Privateer,https://www.privateer.com,Privateer develops data infrastructure to power sustainable growth for the new space economy.,Aerospace,,Kihei,United States,https://twitter.com/privateerspace,https://www.linkedin.com/company/privateerspace,info@privateer.com,valid,2024-05-06,"$56,500,000",Series A,UPGRADE TO UNLOCK,UPGRADE TO UNLOCK,UPGRADE TO UNLOCK,UPGRADE TO UNLOCK,UPGRADE TO UNLOCK,UPGRADE TO UNLOCK,UPGRADE TO UNLOCK,UPGRADE TO UNLOCK,UPGRADE TO UNLOCK,UPGRADE TO UNLOCK,UPGRADE TO UNLOCK,UPGRADE TO UNLOCK,UPGRADE TO UNLOCK
Agridex,https://agridex.com/,Agridex offers a blockchain-based supply chain platform for the digital agriculture industry.,Agriculture,B2B,London,United Kingdom,https://twitter.com/agridexplatform,https://www.linkedin.com/company/agridexplatform,contact@agridex.com,valid,2024-05-09,"$5,000,000",Pre-Seed,UPGRADE TO UNLOCK,UPGRADE TO UNLOCK,UPGRADE TO UNLOCK,UPGRADE TO UNLOCK,UPGRADE TO UNLOCK,UPGRADE TO UNLOCK,UPGRADE TO UNLOCK,UPGRADE TO UNLOCK,UPGRADE TO UNLOCK,UPGRADE TO UNLOCK,UPGRADE TO UNLOCK,UPGRADE TO UNLOCK,UPGRADE TO UNLOCK
Cornext,https://www.cornext.in,Cornext Agri Products is a National Best Startup Award winner that develops simple feeding solutions for Indian dairy farmers.,Agriculture,B2B,Hyderabad,India,https://twitter.com/CornextSilage,https://www.linkedin.com/company/cornext,info@cornext.in,valid,2024-05-07,"$2,200,000",Seed,UPGRADE TO UNLOCK,UPGRADE TO UNLOCK,UPGRADE TO UNLOCK,UPGRADE TO UNLOCK,UPGRADE TO UNLOCK,UPGRADE TO UNLOCK,UPGRADE TO UNLOCK,UPGRADE TO UNLOCK,UPGRADE TO UNLOCK,UPGRADE TO UNLOCK,UPGRADE TO UNLOCK,UPGRADE TO UNLOCK,UPGRADE TO UNLOCK
Numeric,https://www.numeric.io/,The modern platform for accounting data & ops,Artificial Intelligence,,San Francisco,United States,https://twitter.com/numeric_io,https://www.linkedin.com/company/numeric-io,parker@numeric.io,valid,2024-05-07,"$10,000,000",Seed,UPGRADE TO UNLOCK,UPGRADE TO UNLOCK,UPGRADE TO UNLOCK,UPGRADE TO UNLOCK,UPGRADE TO UNLOCK,UPGRADE TO UNLOCK,UPGRADE TO UNLOCK,UPGRADE TO UNLOCK,UPGRADE TO UNLOCK,UPGRADE TO UNLOCK,UPGRADE TO UNLOCK,UPGRADE TO UNLOCK,UPGRADE TO UNLOCK
Archive Intel,https://archiveintel.com,Artificial Intelligence archiving and compliance SaaS tool for RIAs and financial institutions,Artificial Intelligence,B2B,Atlanta,United States,https://twitter.com/aiarchiveintel,https://www.linkedin.com/company/archive-intel,larry@archiveintel.com,valid,2024-05-09,"$1,000,000",Seed,UPGRADE TO UNLOCK,UPGRADE TO UNLOCK,UPGRADE TO UNLOCK,UPGRADE TO UNLOCK,UPGRADE TO UNLOCK,UPGRADE TO UNLOCK,UPGRADE TO UNLOCK,UPGRADE TO UNLOCK,UPGRADE TO UNLOCK,UPGRADE TO UNLOCK,UPGRADE TO UNLOCK,UPGRADE TO UNLOCK,UPGRADE TO UNLOCK
Credtent,https://www.credtent.org/,Credtent offers a software for creators s to exclude their work from AI tools or to profit by setting fair licensing terms for companies.,"Artificial Intelligence, B2B Software, Marketing, Media",B2B,San Dimas,United States,https://twitter.com/credtent,https://www.linkedin.com/company/credtent/,help@credtent.org,valid,2024-05-07,"$60,000",Seed,UPGRADE TO UNLOCK,UPGRADE TO UNLOCK,UPGRADE TO UNLOCK,UPGRADE TO UNLOCK,UPGRADE TO UNLOCK,UPGRADE TO UNLOCK,UPGRADE TO UNLOCK,UPGRADE TO UNLOCK,UPGRADE TO UNLOCK,UPGRADE TO UNLOCK,UPGRADE TO UNLOCK,UPGRADE TO UNLOCK,UPGRADE TO UNLOCK
Rad AI,https://www.radai.com,"Rad AI develops software that uses AI to automate radiology report writing, aiming to enhance accuracy and reduce radiologist burnout.","Artificial Intelligence, Healthcare",,San Francisco,United States,https://twitter.com/radai,https://www.linkedin.com/company/radai,info@radai.com,accept_all_unverifiable,2024-05-07,"$50,000,000",Series B,UPGRADE TO UNLOCK,UPGRADE TO UNLOCK,UPGRADE TO UNLOCK,UPGRADE TO UNLOCK,UPGRADE TO UNLOCK,UPGRADE TO UNLOCK,UPGRADE TO UNLOCK,UPGRADE TO UNLOCK,UPGRADE TO UNLOCK,UPGRADE TO UNLOCK,UPGRADE TO UNLOCK,UPGRADE TO UNLOCK,UPGRADE TO UNLOCK
Insempra,https://insempra.bio,Insempra is a biotechnology-powered company enabling businesses to transform their ingredient lists with superior bio-based products.,Biotechnology,B2B,Planegg,Germany,https://twitter.com/insempra,https://www.linkedin.com/company/insempra,innovation@insempra.bio,valid,2024-05-08,"$20,000,000",Series A,UPGRADE TO UNLOCK,UPGRADE TO UNLOCK,UPGRADE TO UNLOCK,UPGRADE TO UNLOCK,UPGRADE TO UNLOCK,UPGRADE TO UNLOCK,UPGRADE TO UNLOCK,UPGRADE TO UNLOCK,UPGRADE TO UNLOCK,UPGRADE TO UNLOCK,UPGRADE TO UNLOCK,UPGRADE TO UNLOCK,UPGRADE TO UNLOCK
Genomic Life,https://genomiclife.com,Genomic Life offers genomic products.,Biotechnology,B2B,La Jolla,United States,https://twitter.com/GenomicLife,https://www.linkedin.com/company/genomiclife/,info@genomiclife.com,valid,2024-05-07,"$10,000,000",Venture - Series Unknown,UPGRADE TO UNLOCK,UPGRADE TO UNLOCK,UPGRADE TO UNLOCK,UPGRADE TO UNLOCK,UPGRADE TO UNLOCK,UPGRADE TO UNLOCK,UPGRADE TO UNLOCK,UPGRADE TO UNLOCK,UPGRADE TO UNLOCK,UPGRADE TO UNLOCK,UPGRADE TO UNLOCK,UPGRADE TO UNLOCK,UPGRADE TO UNLOCK
Phenomix Sciences,https://www.phenomixsciences.com/,"Phenomix Sciences is a biotechnology company that specializes in biotech, life science, metabolomics, and genomics.",Biotechnology,B2C,Rochester,United States,https://twitter.com/phenomixscienc1,https://www.linkedin.com/company/phenomix-sciences/,info@phenomixsciences.com,valid,2024-05-06,"$5,000,000",Venture - Series Unknown,UPGRADE TO UNLOCK,UPGRADE TO UNLOCK,UPGRADE TO UNLOCK,UPGRADE TO UNLOCK,UPGRADE TO UNLOCK,UPGRADE TO UNLOCK,UPGRADE TO UNLOCK,UPGRADE TO UNLOCK,UPGRADE TO UNLOCK,UPGRADE TO UNLOCK,UPGRADE TO UNLOCK,UPGRADE TO UNLOCK,UPGRADE TO UNLOCK
Revolution,https://revcanna.com,"Revolution is a craft cannabis company that focuses on cultivation, processing, and distribution of cannabis products.",Cannabis,B2C,Chicago,United States,https://twitter.com/RevolutionCanna,https://www.linkedin.com/company/revolution-enterprises,info@revcanna.com,valid,2024-05-09,"$21,033,589",Venture - Series Unknown,UPGRADE TO UNLOCK,UPGRADE TO UNLOCK,UPGRADE TO UNLOCK,UPGRADE TO UNLOCK,UPGRADE TO UNLOCK,UPGRADE TO UNLOCK,UPGRADE TO UNLOCK,UPGRADE TO UNLOCK,UPGRADE TO UNLOCK,UPGRADE TO UNLOCK,UPGRADE TO UNLOCK,UPGRADE TO UNLOCK,UPGRADE TO UNLOCK
Refine,https://refine.dev/,Refine is a react-based web application development platform that offers a wide range of software services.,Computer Engineering,B2B,Newark,United States,https://twitter.com/refine_dev,https://www.linkedin.com/company/refine-dev/,info@refine.dev,valid,2024-05-06,"$2,800,000",Seed,UPGRADE TO UNLOCK,UPGRADE TO UNLOCK,UPGRADE TO UNLOCK,UPGRADE TO UNLOCK,UPGRADE TO UNLOCK,UPGRADE TO UNLOCK,UPGRADE TO UNLOCK,UPGRADE TO UNLOCK,UPGRADE TO UNLOCK,UPGRADE TO UNLOCK,UPGRADE TO UNLOCK,UPGRADE TO UNLOCK,UPGRADE TO UNLOCK
HUMAN,https://www.humansecurity.com,HUMAN is a cybersecurity company that protects the internet and enterprises from fraud and sophisticated bot attacks.,Cyber Security,B2B,New York,United States,https://twitter.com/SecureWithHUMAN,https://www.linkedin.com/company/humansecurityinc,marketing@humansecurity.com,valid,2024-05-07,"$8,500,000",Venture - Series Unknown,UPGRADE TO UNLOCK,UPGRADE TO UNLOCK,UPGRADE TO UNLOCK,UPGRADE TO UNLOCK,UPGRADE TO UNLOCK,UPGRADE TO UNLOCK,UPGRADE TO UNLOCK,UPGRADE TO UNLOCK,UPGRADE TO UNLOCK,UPGRADE TO UNLOCK,UPGRADE TO UNLOCK,UPGRADE TO UNLOCK,UPGRADE TO UNLOCK
Bleach Cyber,https://www.bleachcyber.com,Bleach is a cybersecurity platform helps small and medium businesses get secure by leveraging the security in their existing investments.,Cyber Security,B2B,Austin,United States,https://twitter.com/bleachcybersec,https://www.linkedin.com/bleach-cyber,info@bleachcyber.com,valid,2024-05-07,"$2,000,000",Pre-Seed,UPGRADE TO UNLOCK,UPGRADE TO UNLOCK,UPGRADE TO UNLOCK,UPGRADE TO UNLOCK,UPGRADE TO UNLOCK,UPGRADE TO UNLOCK,UPGRADE TO UNLOCK,UPGRADE TO UNLOCK,UPGRADE TO UNLOCK,UPGRADE TO UNLOCK,UPGRADE TO UNLOCK,UPGRADE TO UNLOCK,UPGRADE TO UNLOCK
Mu Sigma,https://www.mu-sigma.com,Mu Sigma offers management consulting services designed to provide decision sciences and big data analysis.,"Data, Professional Services",B2B,Bengaluru,India,https://twitter.com/MuSigmaInc,https://www.linkedin.com/company/mu-sigma,marketingandcommunication@mu-sigma.com,valid,2024-05-06,"$2,010,651",Venture - Series Unknown,UPGRADE TO UNLOCK,UPGRADE TO UNLOCK,UPGRADE TO UNLOCK,UPGRADE TO UNLOCK,UPGRADE TO UNLOCK,UPGRADE TO UNLOCK,UPGRADE TO UNLOCK,UPGRADE TO UNLOCK,UPGRADE TO UNLOCK,UPGRADE TO UNLOCK,UPGRADE TO UNLOCK,UPGRADE TO UNLOCK,UPGRADE TO UNLOCK
Global Grid for Learning,https://gg4l.com,Global Grid for Learning is the provider of online learning systems.,"Education, Data",B2B,Alameda,United States,https://twitter.com/gg4learning,https://www.linkedin.com/company/gg4l/,info@gg4l.com,accept_all_unverifiable,2024-05-08,"$36,032,026",Venture - Series Unknown,UPGRADE TO UNLOCK,UPGRADE TO UNLOCK,UPGRADE TO UNLOCK,UPGRADE TO UNLOCK,UPGRADE TO UNLOCK,UPGRADE TO UNLOCK,UPGRADE TO UNLOCK,UPGRADE TO UNLOCK,UPGRADE TO UNLOCK,UPGRADE TO UNLOCK,UPGRADE TO UNLOCK,UPGRADE TO UNLOCK,UPGRADE TO UNLOCK
GoMining,https://gmt.io,"GoMining is an online platform that allows you to earn bitcoin through staking GoMining tokens, holding GoMining NFTs, and playing games.","FinTech, Blockchain",B2B,Barcelona,Spain,https://twitter.com/GoMining_token,https://www.linkedin.com/company/gmtio,info@gomining.com,valid,2024-05-06,"$3,000,000",Venture - Series Unknown,UPGRADE TO UNLOCK,UPGRADE TO UNLOCK,UPGRADE TO UNLOCK,UPGRADE TO UNLOCK,UPGRADE TO UNLOCK,UPGRADE TO UNLOCK,UPGRADE TO UNLOCK,UPGRADE TO UNLOCK,UPGRADE TO UNLOCK,UPGRADE TO UNLOCK,UPGRADE TO UNLOCK,UPGRADE TO UNLOCK,UPGRADE TO UNLOCK
Canopy,https://www.getcanopy.com,Canopy offers a cloud-based Practice Management solution for Accounting professionals.,"FinTech, Finance, Accounting",B2B,Draper,United States,https://twitter.com/canopysuite,https://www.linkedin.com/company/canopy-inc,info@canopytax.com,valid,2024-05-08,"$19,999,966",Venture - Series Unknown,UPGRADE TO UNLOCK,UPGRADE TO UNLOCK,UPGRADE TO UNLOCK,UPGRADE TO UNLOCK,UPGRADE TO UNLOCK,UPGRADE TO UNLOCK,UPGRADE TO UNLOCK,UPGRADE TO UNLOCK,UPGRADE TO UNLOCK,UPGRADE TO UNLOCK,UPGRADE TO UNLOCK,UPGRADE TO UNLOCK,UPGRADE TO UNLOCK
inHEART,https://www.inheartmedical.com,inHEART provides cloud-based medical image analysis solutions for cardiac interventions on patients with arrhythmias.,Healthcare,B2B,Pessac,France,https://twitter.com/inheartmedical,https://www.linkedin.com/company/inheartmedical,contact@inheartmedical.com,valid,2024-05-06,"$11,000,000",Series A,UPGRADE TO UNLOCK,UPGRADE TO UNLOCK,UPGRADE TO UNLOCK,UPGRADE TO UNLOCK,UPGRADE TO UNLOCK,UPGRADE TO UNLOCK,UPGRADE TO UNLOCK,UPGRADE TO UNLOCK,UPGRADE TO UNLOCK,UPGRADE TO UNLOCK,UPGRADE TO UNLOCK,UPGRADE TO UNLOCK,UPGRADE TO UNLOCK
In-House Health,https://www.inhouse.health,In-House Health is an AI-powered technical platform for modern nursing teams.,Healthcare,B2B,Denver,United States,https://twitter.com/InHouse_Health,https://www.linkedin.com/company/in-house-health,hello@inhouse.health,accept_all_unverifiable,2024-05-08,"$4,000,000",Seed,UPGRADE TO UNLOCK,UPGRADE TO UNLOCK,UPGRADE TO UNLOCK,UPGRADE TO UNLOCK,UPGRADE TO UNLOCK,UPGRADE TO UNLOCK,UPGRADE TO UNLOCK,UPGRADE TO UNLOCK,UPGRADE TO UNLOCK,UPGRADE TO UNLOCK,UPGRADE TO UNLOCK,UPGRADE TO UNLOCK,UPGRADE TO UNLOCK
AHEAD,https://www.ahead.com,AHEAD is a solutions-based company that helps clients move to an optimized IT service delivery model.,Information Technology,B2B,Chicago,United States,https://twitter.com/Ahead,https://www.linkedin.com/company/ahead_2,marketing@thinkahead.com,valid,2024-05-06,"$5,697,750",Venture - Series Unknown,UPGRADE TO UNLOCK,UPGRADE TO UNLOCK,UPGRADE TO UNLOCK,UPGRADE TO UNLOCK,UPGRADE TO UNLOCK,UPGRADE TO UNLOCK,UPGRADE TO UNLOCK,UPGRADE TO UNLOCK,UPGRADE TO UNLOCK,UPGRADE TO UNLOCK,UPGRADE TO UNLOCK,UPGRADE TO UNLOCK,UPGRADE TO UNLOCK
Wiz,https://wiz.io,Wiz is a cybersecurity company that allows companies to find security issues in public cloud infrastructure.,"Information Technology, Cyber Security",B2B,New York,United States,https://twitter.com/wiz_io,https://www.linkedin.com/company/wizsecurity,info@wiz.io,valid,2024-05-07,"$1,000,000,000",Series E,UPGRADE TO UNLOCK,UPGRADE TO UNLOCK,UPGRADE TO UNLOCK,UPGRADE TO UNLOCK,UPGRADE TO UNLOCK,UPGRADE TO UNLOCK,UPGRADE TO UNLOCK,UPGRADE TO UNLOCK,UPGRADE TO UNLOCK,UPGRADE TO UNLOCK,UPGRADE TO UNLOCK,UPGRADE TO UNLOCK,UPGRADE TO UNLOCK
Plenty,https://www.withplenty.com,Plenty is a financial planning application that aims to help users achieve financial freedom.,"Investing, Finance, FinTech",B2C,San Francisco,United States,https://twitter.com/withPlenty,https://www.linkedin.com/company/withplenty,hello@withplenty.com,valid,2024-05-09,"$5,000,000",Seed,UPGRADE TO UNLOCK,UPGRADE TO UNLOCK,UPGRADE TO UNLOCK,UPGRADE TO UNLOCK,UPGRADE TO UNLOCK,UPGRADE TO UNLOCK,UPGRADE TO UNLOCK,UPGRADE TO UNLOCK,UPGRADE TO UNLOCK,UPGRADE TO UNLOCK,UPGRADE TO UNLOCK,UPGRADE TO UNLOCK,UPGRADE TO UNLOCK
Zippy Shell,https://zippyshell.com,"Zippy Shell offers solutions for moving and storage, including self-packing, storage services, and long-distance moving assistance.","Logistics, Transportation",B2C,Washington,United States,https://twitter.com/zippyshell,https://www.linkedin.com/company/zippy-shell-usa-llc,custsvc@zippyshell.com,valid,2024-05-07,"$180,000,000",Private Equity,UPGRADE TO UNLOCK,UPGRADE TO UNLOCK,UPGRADE TO UNLOCK,UPGRADE TO UNLOCK,UPGRADE TO UNLOCK,UPGRADE TO UNLOCK,UPGRADE TO UNLOCK,UPGRADE TO UNLOCK,UPGRADE TO UNLOCK,UPGRADE TO UNLOCK,UPGRADE TO UNLOCK,UPGRADE TO UNLOCK,UPGRADE TO UNLOCK
Mavarick AI,https://mavarick.ai/,Mavarick enables manufacturers to become more sustainable and productive.,Manufacturing,B2B,Limerick,Ireland,https://twitter.com/mavarick_ai,https://www.linkedin.com/company/mavarickai/,info@mavarick.ai,accept_all_unverifiable,2024-05-07,"$1,400,165",Pre-Seed,UPGRADE TO UNLOCK,UPGRADE TO UNLOCK,UPGRADE TO UNLOCK,UPGRADE TO UNLOCK,UPGRADE TO UNLOCK,UPGRADE TO UNLOCK,UPGRADE TO UNLOCK,UPGRADE TO UNLOCK,UPGRADE TO UNLOCK,UPGRADE TO UNLOCK,UPGRADE TO UNLOCK,UPGRADE TO UNLOCK,UPGRADE TO UNLOCK
HYPHY USA,https://www.hyphyusa.com/,HYPHY designs and manufactures display driver chipsets for large display panels,"Manufacturing, Electronics",B2B,San Jose,United States,https://twitter.com/hyphyusa,https://www.linkedin.com/company/hyphy-usa-inc/,info@hyphyusa.com,valid,2024-05-07,"$4,750,715",Venture - Series Unknown,UPGRADE TO UNLOCK,UPGRADE TO UNLOCK,UPGRADE TO UNLOCK,UPGRADE TO UNLOCK,UPGRADE TO UNLOCK,UPGRADE TO UNLOCK,UPGRADE TO UNLOCK,UPGRADE TO UNLOCK,UPGRADE TO UNLOCK,UPGRADE TO UNLOCK,UPGRADE TO UNLOCK,UPGRADE TO UNLOCK,UPGRADE TO UNLOCK
Hometime,https://hometime.io/,"Building a global ecosystem of entrepreneurs, hosts and guests!",Property Management,B2C,Sydney,Australia,https://twitter.com/hometime_aus,https://www.linkedin.com/company/17895693,support@hometime.io,valid,2024-05-08,"$6,572,405",Venture - Series Unknown,UPGRADE TO UNLOCK,UPGRADE TO UNLOCK,UPGRADE TO UNLOCK,UPGRADE TO UNLOCK,UPGRADE TO UNLOCK,UPGRADE TO UNLOCK,UPGRADE TO UNLOCK,UPGRADE TO UNLOCK,UPGRADE TO UNLOCK,UPGRADE TO UNLOCK,UPGRADE TO UNLOCK,UPGRADE TO UNLOCK,UPGRADE TO UNLOCK
Lumo,https://www.lumo.ag,"Lumo is a smart irrigation system that enables growers to save water, improve crop quality and reduce costs.",Agriculture,B2B,Santa Rosa,United States,https://twitter.com/LumoSystems,https://www.linkedin.com/company/lumo-systems,letsgrow@lumo.ag,valid,May 2024,"$7,000,000",Venture - Series Unknown,UPGRADE TO UNLOCK,UPGRADE TO UNLOCK,UPGRADE TO UNLOCK,UPGRADE TO UNLOCK,UPGRADE TO UNLOCK,UPGRADE TO UNLOCK,UPGRADE TO UNLOCK,UPGRADE TO UNLOCK,UPGRADE TO UNLOCK,UPGRADE TO UNLOCK,UPGRADE TO UNLOCK,UPGRADE TO UNLOCK,UPGRADE TO UNLOCK
Voxel51,https://voxel51.com/,Refinery for visual data + models that enables AI builders to bring the value of visual AI into their applications.,Artificial Intelligence,B2B,Ann Arbor,United States,https://twitter.com/voxel51,https://www.linkedin.com/company/voxel51/,info@voxel51.com,valid,May 2024,"$30,000,000",Series B,UPGRADE TO UNLOCK,UPGRADE TO UNLOCK,UPGRADE TO UNLOCK,UPGRADE TO UNLOCK,UPGRADE TO UNLOCK,UPGRADE TO UNLOCK,UPGRADE TO UNLOCK,UPGRADE TO UNLOCK,UPGRADE TO UNLOCK,UPGRADE TO UNLOCK,UPGRADE TO UNLOCK,UPGRADE TO UNLOCK,UPGRADE TO UNLOCK
Gideon,https://www.gideon.ai,Gideon Brothers solves industrial problems with autonomous mobile robots powered by AI & Visual Perception.,Artificial Intelligence,B2B,Zagreb,Croatia,https://twitter.com/GideonRobotics,https://www.linkedin.com/company/gideonrobotics,info@gideonbros.ai,valid,May 2024,"$4,599,889",Venture - Series Unknown,UPGRADE TO UNLOCK,UPGRADE TO UNLOCK,UPGRADE TO UNLOCK,UPGRADE TO UNLOCK,UPGRADE TO UNLOCK,UPGRADE TO UNLOCK,UPGRADE TO UNLOCK,UPGRADE TO UNLOCK,UPGRADE TO UNLOCK,UPGRADE TO UNLOCK,UPGRADE TO UNLOCK,UPGRADE TO UNLOCK,UPGRADE TO UNLOCK
Car Cloud Community,https://carcloudcommunity.co.uk,CarCloud Community is a consumer-facing app that eliminates the need for paper in insurance and license plate registration.,Automotive,B2C,Birmingham,United Kingdom,https://twitter.com/CarCloudCom,https://www.linkedin.com/company/carcloud-community/,hello@carcloudcommunity.co.uk,valid,May 2024,"$408,252",Equity Crowdfunding,UPGRADE TO UNLOCK,UPGRADE TO UNLOCK,UPGRADE TO UNLOCK,UPGRADE TO UNLOCK,UPGRADE TO UNLOCK,UPGRADE TO UNLOCK,UPGRADE TO UNLOCK,UPGRADE TO UNLOCK,UPGRADE TO UNLOCK,UPGRADE TO UNLOCK,UPGRADE TO UNLOCK,UPGRADE TO UNLOCK,UPGRADE TO UNLOCK
ChainML,https://www.chainml.net,a comprehensive solution to integrate customizable generative AI into applications using production-grade AI agents.,Blockchain,B2B,San Francisco,United States,https://twitter.com/chainml_,https://www.linkedin.com/company/chainml/,founders@chainml.net,valid,May 2024,"$6,200,000",Seed,UPGRADE TO UNLOCK,UPGRADE TO UNLOCK,UPGRADE TO UNLOCK,UPGRADE TO UNLOCK,UPGRADE TO UNLOCK,UPGRADE TO UNLOCK,UPGRADE TO UNLOCK,UPGRADE TO UNLOCK,UPGRADE TO UNLOCK,UPGRADE TO UNLOCK,UPGRADE TO UNLOCK,UPGRADE TO UNLOCK,UPGRADE TO UNLOCK
Chainstack,https://chainstack.com/,Managed blockchain services making it simple to launch and scale decentralized networks and applications.,Blockchain,B2B,Singapore,Singapore,https://twitter.com/ChainstackHQ,https://www.linkedin.com/company/chainstack/,contact@chainstack.com,valid,May 2024,"$6,000,000",Venture - Series Unknown,UPGRADE TO UNLOCK,UPGRADE TO UNLOCK,UPGRADE TO UNLOCK,UPGRADE TO UNLOCK,UPGRADE TO UNLOCK,UPGRADE TO UNLOCK,UPGRADE TO UNLOCK,UPGRADE TO UNLOCK,UPGRADE TO UNLOCK,UPGRADE TO UNLOCK,UPGRADE TO UNLOCK,UPGRADE TO UNLOCK,UPGRADE TO UNLOCK
Vercel,https://vercel.com,"Vercel's frontend cloud gives developers frameworks, workflows, and infrastructure to build a faster, more personalized web.",Cloud Computing,B2B,Covina,United States,https://twitter.com/vercel,https://www.linkedin.com/company/vercel,support@vercel.com,valid,May 2024,"$250,000,000",Series E,UPGRADE TO UNLOCK,UPGRADE TO UNLOCK,UPGRADE TO UNLOCK,UPGRADE TO UNLOCK,UPGRADE TO UNLOCK,UPGRADE TO UNLOCK,UPGRADE TO UNLOCK,UPGRADE TO UNLOCK,UPGRADE TO UNLOCK,UPGRADE TO UNLOCK,UPGRADE TO UNLOCK,UPGRADE TO UNLOCK,UPGRADE TO UNLOCK
Codesphere,https://codesphere.com,Codesphere is your Zeroconfig Cloud. No config - just code and run web apps from your browser.,Cloud Computing,B2B,Redwood City,United States,https://twitter.com/CodesphereCloud,https://www.linkedin.com/company/codesphere-inc/,team@codesphere.com,valid,May 2024,"$19,250,000",Series A,UPGRADE TO UNLOCK,UPGRADE TO UNLOCK,UPGRADE TO UNLOCK,UPGRADE TO UNLOCK,UPGRADE TO UNLOCK,UPGRADE TO UNLOCK,UPGRADE TO UNLOCK,UPGRADE TO UNLOCK,UPGRADE TO UNLOCK,UPGRADE TO UNLOCK,UPGRADE TO UNLOCK,UPGRADE TO UNLOCK,UPGRADE TO UNLOCK
Dosu,https://dosu.dev/,"Dosu is a SAAS company that offers an AI technology to help coders respond to issues, triage bugs, and build better documentation.",Cloud Computing,B2B,San Francisco,United States,https://twitter.com/dosu_ai,https://www.linkedin.com/company/dosu-ai/,hi@dosu.dev,accept_all_unverifiable,May 2024,"$8,524,997",Venture - Series Unknown,UPGRADE TO UNLOCK,UPGRADE TO UNLOCK,UPGRADE TO UNLOCK,UPGRADE TO UNLOCK,UPGRADE TO UNLOCK,UPGRADE TO UNLOCK,UPGRADE TO UNLOCK,UPGRADE TO UNLOCK,UPGRADE TO UNLOCK,UPGRADE TO UNLOCK,UPGRADE TO UNLOCK,UPGRADE TO UNLOCK,UPGRADE TO UNLOCK
Ember,https://ember.co/,Ember is a software platform to automate the accounting process for SMEs.,Cloud Computing,B2B,London,United Kingdom,https://twitter.com/emberhub,https://www.linkedin.com/company/emberhub/,aaron@ember.co,valid,May 2024,"$6,351,174",Seed,UPGRADE TO UNLOCK,UPGRADE TO UNLOCK,UPGRADE TO UNLOCK,UPGRADE TO UNLOCK,UPGRADE TO UNLOCK,UPGRADE TO UNLOCK,UPGRADE TO UNLOCK,UPGRADE TO UNLOCK,UPGRADE TO UNLOCK,UPGRADE TO UNLOCK,UPGRADE TO UNLOCK,UPGRADE TO UNLOCK,UPGRADE TO UNLOCK
Magic Lane,https://www.magiclane.com,"Magic Lane is a map, location, and navigation platform for developers.",Cloud Computing,B2B,Amsterdam,The Netherlands,https://twitter.com/MagicLane_com,https://www.linkedin.com/company/magiclane/,hello@magiclane.com,unknown,May 2024,"$3,235,048",Seed,UPGRADE TO UNLOCK,UPGRADE TO UNLOCK,UPGRADE TO UNLOCK,UPGRADE TO UNLOCK,UPGRADE TO UNLOCK,UPGRADE TO UNLOCK,UPGRADE TO UNLOCK,UPGRADE TO UNLOCK,UPGRADE TO UNLOCK,UPGRADE TO UNLOCK,UPGRADE TO UNLOCK,UPGRADE TO UNLOCK,UPGRADE TO UNLOCK
LanceDB,https://lancedb.com,"LanceDB is a developer friendly, open source database for multi-modal AI.","Cloud Computing, Data",B2B,San Francisco,United States,https://twitter.com/lancedb,https://www.linkedin.com/company/lancedb,contact@lancedb.com,valid,May 2024,"$8,000,000",Seed,UPGRADE TO UNLOCK,UPGRADE TO UNLOCK,UPGRADE TO UNLOCK,UPGRADE TO UNLOCK,UPGRADE TO UNLOCK,UPGRADE TO UNLOCK,UPGRADE TO UNLOCK,UPGRADE TO UNLOCK,UPGRADE TO UNLOCK,UPGRADE TO UNLOCK,UPGRADE TO UNLOCK,UPGRADE TO UNLOCK,UPGRADE TO UNLOCK
Pear Commerce,https://pearcommerce.com/,Pear simplifies retail marketing by connecting CPG advertisements directly with retailers.,E-commerce,B2B,Minneapolis,United States,https://twitter.com/PearCommerce,https://www.linkedin.com/company/pear-commerce,hello@pearcommerce.com,valid,May 2024,"$14,029,897",Venture - Series Unknown,UPGRADE TO UNLOCK,UPGRADE TO UNLOCK,UPGRADE TO UNLOCK,UPGRADE TO UNLOCK,UPGRADE TO UNLOCK,UPGRADE TO UNLOCK,UPGRADE TO UNLOCK,UPGRADE TO UNLOCK,UPGRADE TO UNLOCK,UPGRADE TO UNLOCK,UPGRADE TO UNLOCK,UPGRADE TO UNLOCK,UPGRADE TO UNLOCK
Tiney,https://www.tiney.co,Tiney is a childcare startup providing home nurseries with early years education.,Education,B2C,London,United Kingdom,https://twitter.com/tineyco,https://www.linkedin.com/company/tiney-co,community@tiney.co,valid,May 2024,"$8,950,302",Series A,UPGRADE TO UNLOCK,UPGRADE TO UNLOCK,UPGRADE TO UNLOCK,UPGRADE TO UNLOCK,UPGRADE TO UNLOCK,UPGRADE TO UNLOCK,UPGRADE TO UNLOCK,UPGRADE TO UNLOCK,UPGRADE TO UNLOCK,UPGRADE TO UNLOCK,UPGRADE TO UNLOCK,UPGRADE TO UNLOCK,UPGRADE TO UNLOCK
Charlotte Chess Center,https://www.charlottechesscenter.org,"Charlotte Chess Center is a recreational facility that offers camps, classes, and tournaments.","Education, Community",B2C,Charlotte,United States,https://twitter.com/cltchesscenter,https://www.linkedin.com/company/charlottechesscenter,info@charlottechesscenter.org,valid,May 2024,"$250,000",Venture - Series Unknown,UPGRADE TO UNLOCK,UPGRADE TO UNLOCK,UPGRADE TO UNLOCK,UPGRADE TO UNLOCK,UPGRADE TO UNLOCK,UPGRADE TO UNLOCK,UPGRADE TO UNLOCK,UPGRADE TO UNLOCK,UPGRADE TO UNLOCK,UPGRADE TO UNLOCK,UPGRADE TO UNLOCK,UPGRADE TO UNLOCK,UPGRADE TO UNLOCK
Ndustrial,https://www.ndustrial.io,"Ndustrial offers analytical engines that help businesses control production, improve energy efficiency, and eliminate waste.",Energy,B2B,Raleigh,United States,https://twitter.com/ndustrialio,https://www.linkedin.com/company/ndustrial-io,info@ndustrial.io,valid,May 2024,"$18,500,000",Series B,UPGRADE TO UNLOCK,UPGRADE TO UNLOCK,UPGRADE TO UNLOCK,UPGRADE TO UNLOCK,UPGRADE TO UNLOCK,UPGRADE TO UNLOCK,UPGRADE TO UNLOCK,UPGRADE TO UNLOCK,UPGRADE TO UNLOCK,UPGRADE TO UNLOCK,UPGRADE TO UNLOCK,UPGRADE TO UNLOCK,UPGRADE TO UNLOCK
David Energy,https://www.davidenergy.com,"David Energy is an energy company that leverages advanced technology to transform the way electricity is consumed, managed, and distributed.",Energy,B2B,Brooklyn,United States,https://twitter.com/TheDavidEnergy,https://www.linkedin.com/company/david-energy,info@davidenergy.com,valid,May 2024,"$15,853,728",Venture - Series Unknown,UPGRADE TO UNLOCK,UPGRADE TO UNLOCK,UPGRADE TO UNLOCK,UPGRADE TO UNLOCK,UPGRADE TO UNLOCK,UPGRADE TO UNLOCK,UPGRADE TO UNLOCK,UPGRADE TO UNLOCK,UPGRADE TO UNLOCK,UPGRADE TO UNLOCK,UPGRADE TO UNLOCK,UPGRADE TO UNLOCK,UPGRADE TO UNLOCK
Ulemco,https://ulemco.com/,Ulemco specializes in the development of hydrogen technologies that allows commercial vehicles to run off hydrogen.,Energy,B2B,Liverpool,United Kingdom,https://twitter.com/ulemco,https://www.linkedin.com/company/ulemco-ltd/,info@ulemco.com,unknown,May 2024,"$5,000,000",Venture - Series Unknown,UPGRADE TO UNLOCK,UPGRADE TO UNLOCK,UPGRADE TO UNLOCK,UPGRADE TO UNLOCK,UPGRADE TO UNLOCK,UPGRADE TO UNLOCK,UPGRADE TO UNLOCK,UPGRADE TO UNLOCK,UPGRADE TO UNLOCK,UPGRADE TO UNLOCK,UPGRADE TO UNLOCK,UPGRADE TO UNLOCK,UPGRADE TO UNLOCK
ByHeart,https://byheart.com/,ByHeart is a baby nutrition company with FDA-registered infant formula.,"Family, Food and Beverage",B2C,New York,United States,https://twitter.com/byheartbaby,https://www.linkedin.com/company/byheartnutrition,press@byheart.com,valid,May 2024,"$95,000,000",Venture - Series Unknown,UPGRADE TO UNLOCK,UPGRADE TO UNLOCK,UPGRADE TO UNLOCK,UPGRADE TO UNLOCK,UPGRADE TO UNLOCK,UPGRADE TO UNLOCK,UPGRADE TO UNLOCK,UPGRADE TO UNLOCK,UPGRADE TO UNLOCK,UPGRADE TO UNLOCK,UPGRADE TO UNLOCK,UPGRADE TO UNLOCK,UPGRADE TO UNLOCK
Rupeek,https://rupeek.com/,"Rupeek is an online lending platform that specializes in credit risk, gold loans, and personal loans.",Finance,B2C,Bangalore,India,https://twitter.com/rupeekapp,https://www.linkedin.com/company/rupeek,support@rupeek.com,accept_all_unverifiable,May 2024,"$5,986,593",Venture - Series Unknown,UPGRADE TO UNLOCK,UPGRADE TO UNLOCK,UPGRADE TO UNLOCK,UPGRADE TO UNLOCK,UPGRADE TO UNLOCK,UPGRADE TO UNLOCK,UPGRADE TO UNLOCK,UPGRADE TO UNLOCK,UPGRADE TO UNLOCK,UPGRADE TO UNLOCK,UPGRADE TO UNLOCK,UPGRADE TO UNLOCK,UPGRADE TO UNLOCK
ekko,https://ekko.earth,ekko’s award-winning technology empowers every transaction and interaction with positive impact.,Finance,B2C,London,United Kingdom,https://twitter.com/joinekko_earth,https://www.linkedin.com/company/joinekko-earth/,hello@ekko.earth,valid,May 2024,"$2,500,000",Seed,UPGRADE TO UNLOCK,UPGRADE TO UNLOCK,UPGRADE TO UNLOCK,UPGRADE TO UNLOCK,UPGRADE TO UNLOCK,UPGRADE TO UNLOCK,UPGRADE TO UNLOCK,UPGRADE TO UNLOCK,UPGRADE TO UNLOCK,UPGRADE TO UNLOCK,UPGRADE TO UNLOCK,UPGRADE TO UNLOCK,UPGRADE TO UNLOCK
Bimapay,https://bimapay.in,"Bimapay is a financing platform that offers health, motor, and house insurance services.",Finance,B2C,New Delhi,India,https://twitter.com/bima_pay,https://www.linkedin.com/company/bimapay,contactus@bimapay.in,valid,May 2024,"$1,999,522",Seed,UPGRADE TO UNLOCK,UPGRADE TO UNLOCK,UPGRADE TO UNLOCK,UPGRADE TO UNLOCK,UPGRADE TO UNLOCK,UPGRADE TO UNLOCK,UPGRADE TO UNLOCK,UPGRADE TO UNLOCK,UPGRADE TO UNLOCK,UPGRADE TO UNLOCK,UPGRADE TO UNLOCK,UPGRADE TO UNLOCK,UPGRADE TO UNLOCK
Osome,https://osome.com,Osome is a digital business assistant that offers online accounting services for small and medium businesses.,"Finance, Accounting",B2B,Singapore,Singapore,https://twitter.com/WeAreOsome,https://www.linkedin.com/company/really-osome,hi@osome.com,valid,May 2024,"$17,000,000",Series B,UPGRADE TO UNLOCK,UPGRADE TO UNLOCK,UPGRADE TO UNLOCK,UPGRADE TO UNLOCK,UPGRADE TO UNLOCK,UPGRADE TO UNLOCK,UPGRADE TO UNLOCK,UPGRADE TO UNLOCK,UPGRADE TO UNLOCK,UPGRADE TO UNLOCK,UPGRADE TO UNLOCK,UPGRADE TO UNLOCK,UPGRADE TO UNLOCK
NewSpring,https://newspringcapital.com/,NewSpring Capital is a private equity firm that seeks to invest in various industries.,"Finance, Investing",B2B,Radnor,United States,https://twitter.com/NewSpring_PE,https://www.linkedin.com/company/newspring-capital,aveverka@newspringcapital.com,valid,May 2024,"$2,788,289",Private Equity,UPGRADE TO UNLOCK,UPGRADE TO UNLOCK,UPGRADE TO UNLOCK,UPGRADE TO UNLOCK,UPGRADE TO UNLOCK,UPGRADE TO UNLOCK,UPGRADE TO UNLOCK,UPGRADE TO UNLOCK,UPGRADE TO UNLOCK,UPGRADE TO UNLOCK,UPGRADE TO UNLOCK,UPGRADE TO UNLOCK,UPGRADE TO UNLOCK
Krispyhouse,https://www.krispyhouse.com/,Krispyhouse is a London-based property portal that focuses on the rental market in the city.,Food and Beverage,B2C,London,United Kingdom,https://twitter.com/HouseKrispy,https://www.linkedin.com/company/krispyhouse/,info@krispyhouse.com,valid,May 2024,"$1,650,181",Venture - Series Unknown,UPGRADE TO UNLOCK,UPGRADE TO UNLOCK,UPGRADE TO UNLOCK,UPGRADE TO UNLOCK,UPGRADE TO UNLOCK,UPGRADE TO UNLOCK,UPGRADE TO UNLOCK,UPGRADE TO UNLOCK,UPGRADE TO UNLOCK,UPGRADE TO UNLOCK,UPGRADE TO UNLOCK,UPGRADE TO UNLOCK,UPGRADE TO UNLOCK
Gamic,https://gamic.app/,"Imagine Discord, but for Web3. Gamic merges all the Web3 tools online communities use into a single, robust user-friendly platform.","Gaming, Cloud Computing",B2C,Lagos,Nigeria,https://twitter.com/mygamichq,https://www.linkedin.com/company/gamichq,hello@artist3.io,valid,May 2024,"$1,800,000",Seed,UPGRADE TO UNLOCK,UPGRADE TO UNLOCK,UPGRADE TO UNLOCK,UPGRADE TO UNLOCK,UPGRADE TO UNLOCK,UPGRADE TO UNLOCK,UPGRADE TO UNLOCK,UPGRADE TO UNLOCK,UPGRADE TO UNLOCK,UPGRADE TO UNLOCK,UPGRADE TO UNLOCK,UPGRADE TO UNLOCK,UPGRADE TO UNLOCK
Sona,https://www.getsona.com,"Sona is a workforce management platform for frontline enterprises like care homes, restaurants, and hotels.",Healthcare,B2B,London,United Kingdom,https://twitter.com/sonaatwork,https://www.linkedin.com/company/sonaforwork,hello@getsona.com,valid,May 2024,"$27,500,000",Series A,UPGRADE TO UNLOCK,UPGRADE TO UNLOCK,UPGRADE TO UNLOCK,UPGRADE TO UNLOCK,UPGRADE TO UNLOCK,UPGRADE TO UNLOCK,UPGRADE TO UNLOCK,UPGRADE TO UNLOCK,UPGRADE TO UNLOCK,UPGRADE TO UNLOCK,UPGRADE TO UNLOCK,UPGRADE TO UNLOCK,UPGRADE TO UNLOCK
Watershed Health,https://watershedhealth.com/,Watershed Health develops a SaaS platform that connects all provider types and health plans.,Healthcare,B2B,New Orleans,United States,https://twitter.com/watershedhealth,https://www.linkedin.com/company/watershed-health/,info@watershedhealth.com,valid,May 2024,"$13,600,000",Venture - Series Unknown,UPGRADE TO UNLOCK,UPGRADE TO UNLOCK,UPGRADE TO UNLOCK,UPGRADE TO UNLOCK,UPGRADE TO UNLOCK,UPGRADE TO UNLOCK,UPGRADE TO UNLOCK,UPGRADE TO UNLOCK,UPGRADE TO UNLOCK,UPGRADE TO UNLOCK,UPGRADE TO UNLOCK,UPGRADE TO UNLOCK,UPGRADE TO UNLOCK
Oculogica,https://www.oculogica.com,"Oculogica specializes in the fields of neuro-diagnostics, brain injury, TBI, concussion, and eye tracking.","Healthcare, Electronics",B2B,New York,United States,https://twitter.com/oculogica,https://www.linkedin.com/company/oculogica,info@oculogica.com,valid,May 2024,"$7,569,130",Venture - Series Unknown,UPGRADE TO UNLOCK,UPGRADE TO UNLOCK,UPGRADE TO UNLOCK,UPGRADE TO UNLOCK,UPGRADE TO UNLOCK,UPGRADE TO UNLOCK,UPGRADE TO UNLOCK,UPGRADE TO UNLOCK,UPGRADE TO UNLOCK,UPGRADE TO UNLOCK,UPGRADE TO UNLOCK,UPGRADE TO UNLOCK,UPGRADE TO UNLOCK
Lycia Therapeutics,https://lyciatx.com,Lycia Therapeutics is a biotechnology company that focuses on developing technology that utilizes lysosome-targeting chimeras.,"Healthcare, Pharmaceuticals",B2B,San Diego,United States,https://twitter.com/LyciaTx,https://www.linkedin.com/company/lycia-therapeutics,info@lyciatx.com,valid,May 2024,"$106,600,000",Series C,UPGRADE TO UNLOCK,UPGRADE TO UNLOCK,UPGRADE TO UNLOCK,UPGRADE TO UNLOCK,UPGRADE TO UNLOCK,UPGRADE TO UNLOCK,UPGRADE TO UNLOCK,UPGRADE TO UNLOCK,UPGRADE TO UNLOCK,UPGRADE TO UNLOCK,UPGRADE TO UNLOCK,UPGRADE TO UNLOCK,UPGRADE TO UNLOCK
Truveris,https://truveris.com,"Truveris is a technology company driving transparency, access and lower costs across the prescription drug ecosystem.","Healthcare, Pharmaceuticals",B2B,New York,United States,https://twitter.com/Truveris,https://www.linkedin.com/company/truveris,info@truveris.com,valid,May 2024,"$15,000,000",Series E,UPGRADE TO UNLOCK,UPGRADE TO UNLOCK,UPGRADE TO UNLOCK,UPGRADE TO UNLOCK,UPGRADE TO UNLOCK,UPGRADE TO UNLOCK,UPGRADE TO UNLOCK,UPGRADE TO UNLOCK,UPGRADE TO UNLOCK,UPGRADE TO UNLOCK,UPGRADE TO UNLOCK,UPGRADE TO UNLOCK,UPGRADE TO UNLOCK
ArgusEye,https://arguseye.se/,ArgusEye is a biotechnology company that provides sensor solutions for real-time detection of biological systems and processes.,Home Services,B2B,Linköping,Sweden,https://twitter.com/arguseyeab,https://www.linkedin.com/company/arguseye/,erik.martinsson@arguseye.se,valid,May 2024,"$3,019,379",Venture - Series Unknown,UPGRADE TO UNLOCK,UPGRADE TO UNLOCK,UPGRADE TO UNLOCK,UPGRADE TO UNLOCK,UPGRADE TO UNLOCK,UPGRADE TO UNLOCK,UPGRADE TO UNLOCK,UPGRADE TO UNLOCK,UPGRADE TO UNLOCK,UPGRADE TO UNLOCK,UPGRADE TO UNLOCK,UPGRADE TO UNLOCK,UPGRADE TO UNLOCK
Worky,https://www.worky.mx,"Disrupting the way HR is managed at SMEs, while empowering employees in their benefit to financial health.","Human Resources, Cloud Computing, B2C Software",B2C,Mexico City,Mexico,https://twitter.com/workymx,https://www.linkedin.com/company/worky-mx/,carlos@worky.mx,valid,May 2024,"$6,000,000",Series A,UPGRADE TO UNLOCK,UPGRADE TO UNLOCK,UPGRADE TO UNLOCK,UPGRADE TO UNLOCK,UPGRADE TO UNLOCK,UPGRADE TO UNLOCK,UPGRADE TO UNLOCK,UPGRADE TO UNLOCK,UPGRADE TO UNLOCK,UPGRADE TO UNLOCK,UPGRADE TO UNLOCK,UPGRADE TO UNLOCK,UPGRADE TO UNLOCK
3SC,https://3scsolution.com,3SC delivers supply chain solutions enhanced by cutting-edge analytics to a wide range of sectors.,"Logistics, B2B Software",B2B,Gurgaon,India,https://twitter.com/3SCIndia,https://www.linkedin.com/company/ss-supply-chain-solution,sarita.corporate@3scsolution.com,valid,May 2024,"$3,712,214",Venture - Series Unknown,UPGRADE TO UNLOCK,UPGRADE TO UNLOCK,UPGRADE TO UNLOCK,UPGRADE TO UNLOCK,UPGRADE TO UNLOCK,UPGRADE TO UNLOCK,UPGRADE TO UNLOCK,UPGRADE TO UNLOCK,UPGRADE TO UNLOCK,UPGRADE TO UNLOCK,UPGRADE TO UNLOCK,UPGRADE TO UNLOCK,UPGRADE TO UNLOCK
Hypernative,https://www.hypernative.io,Hypernative is a software development company that protects digital assets using AI.,"Marketing, Advertising",B2B,Herzliya,Israel,https://twitter.com/HypernativeLabs,https://www.linkedin.com/company/hypernative/,contact@hypernative.io,valid,May 2024,"$10,999,872",Venture - Series Unknown,UPGRADE TO UNLOCK,UPGRADE TO UNLOCK,UPGRADE TO UNLOCK,UPGRADE TO UNLOCK,UPGRADE TO UNLOCK,UPGRADE TO UNLOCK,UPGRADE TO UNLOCK,UPGRADE TO UNLOCK,UPGRADE TO UNLOCK,UPGRADE TO UNLOCK,UPGRADE TO UNLOCK,UPGRADE TO UNLOCK,UPGRADE TO UNLOCK
Pepper,https://www.usepepper.com/,"Pepper is an eCommerce platform for food distributors, convenience stores, and other marketplaces.","Marketing, Social Network",B2B,New York,United States,https://twitter.com/PepperEcommerce,https://www.linkedin.com/company/usepepper/,info@usepepper.com,valid,May 2024,"$30,000,000",Series B,UPGRADE TO UNLOCK,UPGRADE TO UNLOCK,UPGRADE TO UNLOCK,UPGRADE TO UNLOCK,UPGRADE TO UNLOCK,UPGRADE TO UNLOCK,UPGRADE TO UNLOCK,UPGRADE TO UNLOCK,UPGRADE TO UNLOCK,UPGRADE TO UNLOCK,UPGRADE TO UNLOCK,UPGRADE TO UNLOCK,UPGRADE TO UNLOCK
Melodie Music,https://melod.ie/,Music for Storytellers,Music,B2C,Glebe,Australia,https://twitter.com/MelodieMusicAU,https://www.linkedin.com/company/melodiemusic/,hello@melod.ie,valid,May 2024,"$440,127",Convertible Note,UPGRADE TO UNLOCK,UPGRADE TO UNLOCK,UPGRADE TO UNLOCK,UPGRADE TO UNLOCK,UPGRADE TO UNLOCK,UPGRADE TO UNLOCK,UPGRADE TO UNLOCK,UPGRADE TO UNLOCK,UPGRADE TO UNLOCK,UPGRADE TO UNLOCK,UPGRADE TO UNLOCK,UPGRADE TO UNLOCK,UPGRADE TO UNLOCK
Chapter,https://askchapter.org/,Chapter offers a Medicare navigation platform that provides advisory services for seniors seeking health coverage.,"Non Profit, Community",B2C,New York,United States,https://twitter.com/askchapter,https://www.linkedin.com/company/joinchapter/,info@getchapter.com,valid,May 2024,"$50,000,000",Series C,UPGRADE TO UNLOCK,UPGRADE TO UNLOCK,UPGRADE TO UNLOCK,UPGRADE TO UNLOCK,UPGRADE TO UNLOCK,UPGRADE TO UNLOCK,UPGRADE TO UNLOCK,UPGRADE TO UNLOCK,UPGRADE TO UNLOCK,UPGRADE TO UNLOCK,UPGRADE TO UNLOCK,UPGRADE TO UNLOCK,UPGRADE TO UNLOCK
Kudos,https://joinkudos.com,"Kudos is a free AI-powered smart wallet that turns your everyday purchases into free flights, hotel stays, and travel experiences.",Social Network,B2C,Woodland Hills,United States,https://twitter.com/joinkudos,https://www.linkedin.com/company/kudos-technologies-inc,support@joinkudos.com,valid,May 2024,"$10,200,000",Series A,UPGRADE TO UNLOCK,UPGRADE TO UNLOCK,UPGRADE TO UNLOCK,UPGRADE TO UNLOCK,UPGRADE TO UNLOCK,UPGRADE TO UNLOCK,UPGRADE TO UNLOCK,UPGRADE TO UNLOCK,UPGRADE TO UNLOCK,UPGRADE TO UNLOCK,UPGRADE TO UNLOCK,UPGRADE TO UNLOCK,UPGRADE TO UNLOCK
Traction,https://www.tractionag.com,"Traction provides farm management software that helps farmers plan, track, and analyze their operations.",Agriculture,B2B,Auburn,United States,https://twitter.com/traction_ag,https://www.linkedin.com/company/tractionag,info@tractionag.com,valid,May 2024,"$10,000,000",Series A,UPGRADE TO UNLOCK,UPGRADE TO UNLOCK,UPGRADE TO UNLOCK,UPGRADE TO UNLOCK,UPGRADE TO UNLOCK,UPGRADE TO UNLOCK,UPGRADE TO UNLOCK,UPGRADE TO UNLOCK,UPGRADE TO UNLOCK,UPGRADE TO UNLOCK,UPGRADE TO UNLOCK,UPGRADE TO UNLOCK,UPGRADE TO UNLOCK
Behavio,https://behaviolabs.com/,Behavio is a SaaS platform that provides behavioral insights on how to maximize advertising performance.,Analytics,B2B,Prague,Czech Republic,https://twitter.com/BehavioLabs,https://www.linkedin.com/company/behavio-labs/,info@behaviolabs.com,accept_all_unverifiable,May 2024,"$2,446,777",Seed,UPGRADE TO UNLOCK,UPGRADE TO UNLOCK,UPGRADE TO UNLOCK,UPGRADE TO UNLOCK,UPGRADE TO UNLOCK,UPGRADE TO UNLOCK,UPGRADE TO UNLOCK,UPGRADE TO UNLOCK,UPGRADE TO UNLOCK,UPGRADE TO UNLOCK,UPGRADE TO UNLOCK,UPGRADE TO UNLOCK,UPGRADE TO UNLOCK
Coactive AI,https://coactive.ai,Coactive AI is a machine learning platform that unlocks analytics and insights from unstructured image and video data.,Artificial Intelligence,B2B,San Jose,United States,https://twitter.com/coactiveai,https://www.linkedin.com/company/coactiveai,security@coactive.ai,valid,May 2024,"$30,000,000",Series B,UPGRADE TO UNLOCK,UPGRADE TO UNLOCK,UPGRADE TO UNLOCK,UPGRADE TO UNLOCK,UPGRADE TO UNLOCK,UPGRADE TO UNLOCK,UPGRADE TO UNLOCK,UPGRADE TO UNLOCK,UPGRADE TO UNLOCK,UPGRADE TO UNLOCK,UPGRADE TO UNLOCK,UPGRADE TO UNLOCK,UPGRADE TO UNLOCK
Praktika,https://praktika.ai,Praktika offers an sutomated 1-1 tutorship powered by genAI Avatars.,"Artificial Intelligence, B2B Software",B2B,Palo Alto,United States,https://twitter.com/PraktikaEnglish,https://www.linkedin.com/company/79094008,support@praktika.ai,valid,May 2024,"$35,500,000",Series A,UPGRADE TO UNLOCK,UPGRADE TO UNLOCK,UPGRADE TO UNLOCK,UPGRADE TO UNLOCK,UPGRADE TO UNLOCK,UPGRADE TO UNLOCK,UPGRADE TO UNLOCK,UPGRADE TO UNLOCK,UPGRADE TO UNLOCK,UPGRADE TO UNLOCK,UPGRADE TO UNLOCK,UPGRADE TO UNLOCK,UPGRADE TO UNLOCK