#,Company,Website,Description,Sector,Funding / Revenue,Location,US Presence,CEO / Co-founder,Verified Email,Hunt Score,Discovery Source,Evidence & Source Details,Timestamp
1,"Mindfuel","https://mindfuel.ai","Munich-based B2B SaaS data product management platform Mindfuel raised €3.75M ($4.0M USD) in seed funding led by Project A Ventures. Headquartered in Munich, Germany. Founded by Nadiem von Heydebrand. [HQ: Germany | Founder: Nadiem von Heydebrand | Funding: raised $4.0M in seed funding]","SaaS Companies","raised $4.0M in seed funding","Germany","Non-US (Minimal/No US)","Nadiem von Heydebrand","nadiem@mindfuel.ai",92 / 100,"Curated Venture Directory","","2026-09-29T11:32:38.607Z"
2,"Saporo","https://saporo.io","Swiss cybersecurity startup Saporo raised $2.7M in seed funding to expand its cloud attack surface reduction platform. Based in Lausanne, Switzerland. Co-founded by Olivier Eyries and Eric Blavier. [HQ: Switzerland | Founder: Olivier Eyries | Funding: raised $2.7M seed funding]","SaaS Companies","raised $2.7M seed funding","Switzerland","Non-US (Minimal/No US)","Olivier Eyries and","olivier@saporo.io",92 / 100,"Curated Venture Directory","","2026-09-29T11:32:38.607Z"
3,"Cyscale","https://cyscale.com","Cluj-Napoca-based cloud cybersecurity automation platform Cyscale secured €3M ($3.2M USD) in seed funding led by Notion Capital. Headquartered in Romania, Europe. Founded by Manuela Ticudean and Ovidiu Cical. [HQ: Romania | Founder: Ovidiu Cical | Funding: secured $3.2M seed round]","Cybersecurity","secured $3.2M seed round","Romania","Non-US (Minimal/No US)","Manuela Ticudean and","manuela@cyscale.com",92 / 100,"Curated Venture Directory","","2026-09-29T11:32:38.607Z"
4,"Neatsy","https://neatsy.ai","AI healthtech and 3D foot scanning software Neatsy raised $1.0M in seed funding from Cabra VC. Headquartered in London, United Kingdom. Founded by Artem Semyanov. [HQ: United Kingdom | Founder: Artem Semyanov | Funding: raised $1.0M seed funding]","AI & Machine Learning","raised $1.0M seed funding","United Kingdom","Non-US (Minimal/No US)","Artem Semyanov","artem@neatsy.ai",92 / 100,"Curated Venture Directory","","2026-09-29T11:32:38.607Z"
5,"Carbonfact","https://carbonfact.com","Paris-based carbon footprint software platform for apparel Carbonfact secured €1.9M ($2.1M USD) in seed funding from Alven. Headquartered in Paris, France. Founded by Martin Daniel and Marc Laurent. [HQ: France | Founder: Martin Daniel | Funding: secured $2.1M seed round]","SaaS Companies","secured $2.1M seed round","France","Non-US (Minimal/No US)","Martin Daniel and","martin@carbonfact.com",92 / 100,"Curated Venture Directory","","2026-09-29T11:32:38.607Z"
6,"Sprinto","https://sprinto.com","Bengaluru-based security compliance and automated audit platform Sprinto raised $3.5M in seed funding led by Elevation Capital. Headquartered in Bengaluru, India. Co-founded by Girish Redekar and Raghuveer Kancherla. [HQ: India | Founder: Girish Redekar | Funding: raised $3.5M in seed funding]","SaaS Companies","raised $3.5M in seed funding","India","Non-US (Minimal/No US)","Girish Redekar and","girish@sprinto.com",92 / 100,"Curated Venture Directory","","2026-09-29T11:32:38.607Z"
7,"Devtron","https://devtron.ai","Gurugram-based open source Kubernetes software delivery and deployment platform Devtron raised $3.0M in seed funding from Nexus Venture Partners. Headquartered in Gurugram, India. Co-founded by Prashant Ghildiyal. [HQ: India | Founder: Prashant Ghildiyal | Funding: raised $3.0M in seed round]","AI & Machine Learning","raised $3.0M in seed round","India","Non-US (Minimal/No US)","Prashant Ghildiyal","prashant@devtron.ai",92 / 100,"Curated Venture Directory","","2026-09-29T11:32:38.607Z"
8,"Bytebeam","https://bytebeam.io","Bengaluru-based IoT software architecture and edge device management platform Bytebeam raised $3.0M in seed funding led by Together Fund. Headquartered in Bengaluru, India. Founded by Gautam Dayal. [HQ: India | Founder: Gautam Dayal | Funding: raised $3.0M seed funding]","AI & Machine Learning","raised $3.0M seed funding","India","Non-US (Minimal/No US)","Gautam Dayal","gautam@bytebeam.io",92 / 100,"Curated Venture Directory","","2026-09-29T11:32:38.607Z"
9,"Portkey","https://portkey.ai","Bengaluru-based LLMOps and enterprise AI gateway platform Portkey raised $3.0M in seed funding from Lightspeed India. Headquartered in Bengaluru, India. Co-founded by Rohit Agarwal and Ayush Garg. [HQ: India | Founder: Rohit Agarwal | Funding: raised $3.0M in seed funding]","AI & Machine Learning","raised $3.0M in seed funding","India","Non-US (Minimal/No US)","Rohit Agarwal and","rohit@portkey.ai",92 / 100,"Curated Venture Directory","","2026-09-29T11:32:38.607Z"
10,"Zhipu Tech","https://zhipuai.cn","Beijing-based conversational foundation AI and enterprise platform Zhipu raised $4.5M in early strategic round from venture consortium. Headquartered in Beijing, China. Founded by Jie Tang. [HQ: China | Founder: Jie Tang | Funding: raised $4.5M in venture financing]","AI & Machine Learning","raised $4.5M in venture financing","China","Non-US (Minimal/No US)","Jie Tang","jie@zhipuai.cn",92 / 100,"Curated Venture Directory","","2026-09-29T11:32:38.607Z"
11,"Autify","https://autify.com","Tokyo-based AI-powered test automation SaaS platform Autify raised $2.5M in seed extension from Global Brain. Headquartered in Tokyo, Japan. Founded by Ryo Chikazawa. [HQ: Japan | Founder: Ryo Chikazawa | Funding: raised $2.5M in seed funding]","SaaS Companies","raised $2.5M in seed funding","Japan","Non-US (Minimal/No US)","Ryo Chikazawa","ryo@autify.com",92 / 100,"Curated Venture Directory","","2026-09-29T11:32:38.607Z"
12,"Biome Makers","https://biomemakers.com","Biome Makers uses DNA sequencing and ecological computing to decode soil biology and improve crop yield for agriculture. Headquartered in Valladolid, Spain. Founded by Alberto Acedo. [HQ: Spain | Founder: Alberto Acedo | Funding: secured $4.2M in funding]","Other / Custom","secured $4.2M in funding","Spain","Non-US (Minimal/No US)","Alberto Acedo","alberto@biomemakers.com",92 / 100,"Curated Venture Directory","","2026-09-29T11:32:38.607Z"
13,"Qure.ai","https://qure.ai","Qure.ai deploys deep learning AI tools for medical radiology and diagnostic chest X-ray interpretation in hospitals. Headquartered in Mumbai, India. Founded by Prashant Warier. [HQ: India | Founder: Prashant Warier | Funding: raised $4.5M venture financing]","AI & Machine Learning","raised $4.5M venture financing","India","Non-US (Minimal/No US)","Prashant Warier","prashant@qure.ai",92 / 100,"Curated Venture Directory","","2026-09-29T11:32:38.607Z"
14,"Doctolib","https://doctolib.fr","Doctolib provides online medical consultations, appointment management, and digital hospital software solutions across Europe. Headquartered in Paris, France. Founded by Stanislas Niox-Chateau. [HQ: France | Founder: Stanislas Niox-Chateau | Funding: raised €4.0M early growth round]","AI & Machine Learning","raised €4.0M early growth round","France","Non-US (Minimal/No US)","Stanislas Niox","stanislas@doctolib.fr",92 / 100,"Curated Venture Directory","","2026-09-29T11:32:38.607Z"
15,"Ultraviolette","https://ultraviolette.com","Ultraviolette Automotive develops high-performance electric motorcycles and aviation-grade EV battery technology. Headquartered in Bangalore, India. Founded by Narayan Subramaniam. [HQ: India | Founder: Narayan Subramaniam | Funding: secured $3.2M Series A funding]","Automotive","secured $3.2M Series A funding","India","Non-US (Minimal/No US)","Narayan Subramaniam","narayan@ultraviolette.com",92 / 100,"Curated Venture Directory","","2026-09-29T11:32:38.607Z"
16,"Rimac Technology","https://rimac-technology.com","Rimac Technology engineers high-performance electric powertrains, battery management systems, and automotive electronics. Headquartered in Sveta Nedelja, Croatia. Founded by Mate Rimac. [HQ: Croatia | Founder: Mate Rimac | Funding: secured €4.5M early development round]","AI & Machine Learning","secured €4.5M early development round","Croatia","Non-US (Minimal/No US)","Mate Rimac","mate@rimac-technology.com",92 / 100,"Curated Venture Directory","","2026-09-29T11:32:38.607Z"
17,"Climeworks","https://climeworks.com","Climeworks develops and operates commercial direct air capture plants to permanently remove carbon dioxide from the atmosphere. Headquartered in Zurich, Switzerland. Founded by Christoph Gebald. [HQ: Switzerland | Founder: Christoph Gebald | Funding: raised $4.8M early financing]","AI & Machine Learning","raised $4.8M early financing","Switzerland","Non-US (Minimal/No US)","Christoph Gebald","christoph@climeworks.com",92 / 100,"Curated Venture Directory","","2026-09-29T11:32:38.607Z"
18,"Zetwerk","https://zetwerk.com","Zetwerk provides custom on-demand manufacturing, precision machining, and industrial fabrication supply network services. Headquartered in Bangalore, India. Founded by Amrit Acharya. [HQ: India | Founder: Amrit Acharya | Funding: raised $3.0M early seed financing]","AI & Machine Learning","raised $3.0M early seed financing","India","Non-US (Minimal/No US)","Amrit Acharya","amrit@zetwerk.com",92 / 100,"Curated Venture Directory","","2026-09-29T11:32:38.607Z"
19,"Sennder","https://sennder.com","Sennder connects commercial enterprise shippers with freight carriers through its European digital road logistics platform. Headquartered in Berlin, Germany. Founded by David Nothacker. [HQ: Germany | Founder: David Nothacker | Funding: secured €3.5M funding]","Logistics & Supply Chain","secured €3.5M funding","Germany","Non-US (Minimal/No US)","David Nothacker","david@sennder.com",92 / 100,"Curated Venture Directory","","2026-09-29T11:32:38.607Z"
20,"Modus","https://modus.trade","Singapore-based B2B cross-border payments & fx API platform Modus raised $2.3M in seed round led by Wavemaker Partners. Headquartered in Singapore. Founded by Patrick Murphy. [HQ: Singapore | Founder: Patrick Murphy | Funding: raised $2.3M in seed round]","AI & Machine Learning","raised $2.3M in seed round","Singapore","Non-US (Minimal/No US)","Patrick Murphy","patrick@modus.trade",92 / 100,"Curated Venture Directory","","2026-09-29T11:32:38.607Z"
21,"Finmo","https://finmo.net","Singapore-based treasury management and cross-border API payments platform Finmo raised $3.5M in seed funding led by Quona Capital. Headquartered in Singapore. Founded by David Hanna. [HQ: Singapore | Founder: David Hanna | Funding: raised $3.5M in seed round]","AI & Machine Learning","raised $3.5M in seed round","Singapore","Non-US (Minimal/No US)","David Hanna","david@finmo.net",92 / 100,"Curated Venture Directory","","2026-09-29T11:32:38.607Z"
22,"BukuKas","https://bukukas.io","Jakarta-based merchant digital financial platform BukuKas raised $3.2M in seed funding from Surge. Headquartered in Jakarta, Indonesia. Founded by Krishnan Menon. [HQ: Indonesia | Founder: Krishnan Menon | Funding: raised $3.2M in seed capital]","AI & Machine Learning","raised $3.2M in seed capital","Indonesia","Non-US (Minimal/No US)","Krishnan Menon","krishnan@bukukas.io",92 / 100,"Curated Venture Directory","","2026-09-29T11:32:38.607Z"
23,"Moonshot AI","https://moonshot.cn","Shanghai-based large language model platform Moonshot secured $3.8M in seed funding. Headquartered in Shanghai, China. Founded by Yang Zhilin. [HQ: China | Founder: Yang Zhilin | Funding: secured $3.8M seed round]","AI & Machine Learning","secured $3.8M seed round","China","Non-US (Minimal/No US)","Yang Zhilin","yang@moonshot.cn",92 / 100,"Curated Venture Directory","","2026-09-29T11:32:38.607Z"
24,"Stellapps","https://stellapps.com","Stellapps Technologies digitizes the dairy supply chain with farm-side IoT, milk quality testing, and cold-chain analytics. Headquartered in Bangalore, India. Founded by Ranjith Mukundan. [HQ: India | Founder: Ranjith Mukundan | Funding: secured $2.5M in funding round]","AI & Machine Learning","secured $2.5M in funding round","India","Non-US (Minimal/No US)","Ranjith Mukundan","ranjith@stellapps.com",92 / 100,"Curated Venture Directory","","2026-09-29T11:32:38.607Z"
25,"Kasada","https://kasada.io","Sydney-based bot management and cybersecurity platform Kasada raised $4.5M in early round financing led by In-Q-Tel and Ten11. Headquartered in Sydney, Australia. Founded by Sam Crowther. [HQ: Australia | Founder: Sam Crowther | Funding: raised $4.5M in funding]","SaaS Companies","raised $4.5M in funding","Australia","Non-US (Minimal/No US)","Sam Crowther","sam@kasada.io",92 / 100,"Curated Venture Directory","","2026-09-29T11:32:38.607Z"
26,"Buildxact","https://buildxact.com","Melbourne-based construction management SaaS platform Buildxact raised $3.8M in Series A funding from Saluda. Headquartered in Melbourne, Australia. Founded by David Murray. [HQ: Australia | Founder: David Murray | Funding: raised $3.8M in Series A round]","SaaS Companies","raised $3.8M in Series A round","Australia","Non-US (Minimal/No US)","David Murray","david@buildxact.com",92 / 100,"Curated Venture Directory","","2026-09-29T11:32:38.607Z"
27,"Kite","https://kite.security","Tel Aviv-based data security posture management platform Kite Security raised $3.0M in seed funding led by Team8. Headquartered in Tel Aviv, Israel. Founded by Alon Yamin. [HQ: Israel | Founder: Alon Yamin | Funding: raised $3.0M seed funding]","SaaS Companies","raised $3.0M seed funding","Israel","Non-US (Minimal/No US)","Alon Yamin","alon@kite.security",92 / 100,"Curated Venture Directory","","2026-09-29T11:32:38.607Z"
28,"Kovi","https://kovi.com.br","Sao Paulo-based car subscription software & IoT fleet platform Kovi raised $3.2M in seed round from Monashees. Headquartered in Sao Paulo, Brazil. Founded by Adhemar Milani Neto. [HQ: Brazil | Founder: Adhemar Milani Neto | Funding: raised $3.2M in seed funding]","AI & Machine Learning","raised $3.2M in seed funding","Brazil","Non-US (Minimal/No US)","Adhemar Milani Neto","adhemar@kovi.com.br",92 / 100,"Curated Venture Directory","","2026-09-29T11:32:38.607Z"
29,"Naked Insurance","https://naked.insure","Johannesburg-based AI insurtech platform Naked Insurance secured $3.0M in seed financing led by Yellowwoods. Headquartered in Johannesburg, South Africa. Founded by Alex Thomson. [HQ: South Africa | Founder: Alex Thomson | Funding: secured $3.0M seed round]","AI & Machine Learning","secured $3.0M seed round","South Africa","Non-US (Minimal/No US)","Alex Thomson","alex@naked.insure",92 / 100,"Curated Venture Directory","","2026-09-29T11:32:38.607Z"
30,"Ozow","https://ozow.com","Cape Town-based automated bank-to-bank payments and open banking platform Ozow raised $3.5M in Series A round. Headquartered in Cape Town, South Africa. Founded by Thomas Pays. [HQ: South Africa | Founder: Thomas Pays | Funding: raised $3.5M in Series A round]","AI & Machine Learning","raised $3.5M in Series A round","South Africa","Non-US (Minimal/No US)","Thomas Pays","thomas@ozow.com",92 / 100,"Curated Venture Directory","","2026-09-29T11:32:38.607Z"
31,"Tabby","https://tabby.ai","Dubai-based payments platform Tabby secured $4.0M in seed funding from Mubadala. Headquartered in Dubai, United Arab Emirates. Co-founded by Hosam Arab. [HQ: United Arab Emirates | Founder: Hosam Arab | Funding: secured $4.0M seed financing]","AI & Machine Learning","secured $4.0M seed financing","United Arab Emirates","Non-US (Minimal/No US)","Hosam Arab","hosam@tabby.ai",92 / 100,"Curated Venture Directory","","2026-09-29T11:32:38.607Z"
32,"Fasal","https://fasal.co","Fasal operates an AI-powered precision agriculture platform with IoT micro-climate and soil sensors for horticulture farmers. Headquartered in Bangalore, India. Founded by Shailendra Tiwari. [HQ: India | Founder: Shailendra Tiwari | Funding: raised $1.6M seed funding]","AI & Machine Learning","raised $1.6M seed funding","India","Non-US (Minimal/No US)","Shailendra Tiwari","shailendra@fasal.co",92 / 100,"Curated Venture Directory","","2026-09-29T11:32:38.607Z"
33,"PharmEasy","https://pharmeasy.in","PharmEasy operates a consumer healthcare platform supplying verified pharmaceuticals, diagnostics, and teleconsultation. Headquartered in Mumbai, India. Founded by Dharmil Sheth and Dhaval Shah. [HQ: India | Founder: Dharmil Sheth | Funding: raised ₹50 Crore early funding]","AI & Machine Learning","raised ₹50 Crore early funding","India","Non-US (Minimal/No US)","Dharmil Sheth and","dharmil@pharmeasy.in",92 / 100,"Curated Venture Directory","","2026-09-29T11:32:38.607Z"
34,"Ecozen Solutions","https://ecozensolutions.com","Ecozen manufactures smart solar-powered cold storage (Ecofrost) and smart solar irrigation controllers for farmers. Headquartered in Pune, India. Founded by Devendra Gupta and Prateek Singhal. [HQ: India | Founder: Devendra Gupta | Funding: raised $3.8M in funding round]","AI & Machine Learning","raised $3.8M in funding round","India","Non-US (Minimal/No US)","Devendra Gupta and","devendra@ecozensolutions.com",92 / 100,"Curated Venture Directory","","2026-09-29T11:32:38.607Z"
35,"InPrime Infosystems","https://inprime.in","Bengaluru-based financial inclusion and lending platform InPrime raised $3.4M in Series A funding led by InfoEdge Ventures. Headquartered in Bengaluru, India. Founded by Rajat Singh. [HQ: India | Founder: Rajat Singh | Funding: raised $3.4M Series A funding]","AI & Machine Learning","raised $3.4M Series A funding","India","Non-US (Minimal/No US)","Rajat Singh","rajat@inprime.in",92 / 100,"Curated Venture Directory","","2026-09-29T11:32:38.607Z"
36,"DeHaat","https://agrevolution.in","DeHaat provides end-to-end agricultural supply chain solutions, AI advisory, quality seeds, and agro processing to millions of Indian farmers. Headquartered in Patna, India. Founded by Shashank Kumar. [HQ: India | Founder: Shashank Kumar | Funding: raised $4.5M in institutional round]","AI & Machine Learning","raised $4.5M in institutional round","India","Non-US (Minimal/No US)","Shashank Kumar","shashank@agrevolution.in",92 / 100,"Curated Venture Directory","","2026-09-29T11:32:38.607Z"
37,"Synthesized","https://synthesized.io","Synthesized raised $2.8M in seed funding to expand its synthetic data generation platform for enterprise ML and software testing. Headquartered in London, United Kingdom. Co-founded by Dr. Nicolai Baldin. [HQ: United Kingdom | Founder: Nicolai Baldin | Funding: raised $2.8M seed round]","AI & Machine Learning","raised $2.8M seed round","United Kingdom","Non-US (Minimal/No US)","Executive","Unverified",64 / 100,"Curated Venture Directory","","2026-09-29T11:32:38.607Z"